,id,user_id,book_id,rating,review,has_spoiler,created_at,updated_at
0,412,1,9,3.0,dfasdfasdfasd,0,2024-06-04 03:33:33,2024-06-04 03:33:33
1,413,47,22,5.0,,0,2024-06-03 03:19:42,2024-06-03 03:19:42
2,411,1,27,4.0,One For the Road !,0,2024-06-02 09:39:42,2024-06-02 09:39:42
3,90,1,13,2.0,Dolores quos animi accusantium inventore. Nobis similique sit ducimus quae error. Consequatur excepturi nobis illo dolorum aspernatur. Adipisci perspiciatis voluptas necessitatibus eveniet dolore. Quia vel quidem eos sapiente quis.,0,2024-06-02 09:25:45,2024-06-02 09:25:45
4,406,1,31,4.0,The Odyssey Begins,0,2024-06-01 05:47:44,2024-06-01 05:47:44
5,410,2,1,4.0,sadadadadadada,0,2024-05-31 08:37:30,2024-05-31 08:37:30
6,409,1,21,3.0,,0,2024-05-31 07:50:28,2024-05-31 07:50:28
7,408,1,2,4.0,dfsafdasdfas,0,2024-05-31 07:49:09,2024-05-31 07:49:09
8,407,1,4,5.0,dfasdfasdfasdfasdf,0,2024-05-31 07:47:40,2024-05-31 07:47:40
9,405,1,1,5.0,sdjflsmd;lfmal;smdflkas,0,2024-05-31 02:12:29,2024-05-31 02:12:29
10,403,1,6,4.0,Very niceeeeeeeeeeeerrrrrr,0,2024-05-31 02:07:36,2024-05-31 02:07:36
11,404,1,29,5.0,,0,2024-05-31 01:58:17,2024-05-31 01:58:17
12,402,1,5,4.0,Brave new worlddd!!!!!,0,2024-05-30 14:54:40,2024-05-30 14:54:40
13,401,4,35,5.0,,0,2024-05-30 14:32:19,2024-05-30 14:32:19
14,298,1,7,4.0,Facilis saepe error blanditiis aut et. Odit id quia rerum vel. Quia vel aut neque qui quia nisi.,1,2024-05-30 14:03:10,2024-05-30 14:03:10
15,400,37,30,3.0,Blanditiis quia corporis sit. Occaecati pariatur quidem ullam. Et quia beatae officia excepturi laudantium consequatur non. Fugiat sed perspiciatis dolores fugit consectetur. Perferendis quia fuga magni tempore.,0,2024-05-30 13:43:11,2024-05-30 13:43:11
16,399,40,21,2.0,Sunt natus soluta asperiores sed dicta tenetur delectus commodi. Ea fuga et nesciunt sit vitae autem. Eos consequuntur iusto vel ea ut.,0,2024-05-30 13:43:10,2024-05-30 13:43:10
17,398,43,28,2.0,Rerum veritatis unde qui facere quo voluptatibus sint totam. Rerum amet sit incidunt consequuntur eius et vitae.,0,2024-05-30 13:43:09,2024-05-30 13:43:09
18,397,2,36,2.0,Ut temporibus ducimus harum et sed aspernatur. Et error et voluptatem harum voluptatem. Culpa repellat atque ipsum iste eius rerum.,0,2024-05-30 13:43:08,2024-05-30 13:43:08
19,396,15,5,3.0,Eos et nobis id voluptatum. Quasi pariatur eaque voluptatum consequuntur delectus omnis. Voluptatibus doloribus non est qui iure. Quia quae omnis consequatur et omnis unde.,0,2024-05-30 13:43:07,2024-05-30 13:43:07
20,395,3,6,4.0,Explicabo qui molestiae suscipit excepturi. Aliquid voluptas temporibus ab et sit libero maiores. Consequatur ab alias autem molestias quod.,0,2024-05-30 13:43:05,2024-05-30 13:43:05
21,394,12,29,5.0,Ea reiciendis architecto et quis. Debitis quibusdam omnis nesciunt cum. Possimus quos ex et iusto.,1,2024-05-30 13:43:03,2024-05-30 13:43:03
22,393,28,3,3.0,Harum ea et earum ullam autem minima. Voluptatum iusto et sunt excepturi aut dolores fugiat occaecati.,1,2024-05-30 13:43:02,2024-05-30 13:43:02
23,392,23,27,2.0,Est et non voluptates et autem dolores ipsa. Ea ut aut sint a in. Deserunt itaque vero incidunt molestias autem. Perspiciatis nihil maxime non non est.,0,2024-05-30 13:43:01,2024-05-30 13:43:01
24,390,10,8,3.0,Hic aliquam quisquam voluptatum sint ut sed. Facilis doloremque accusamus ratione ducimus sunt quia non. Sit qui et in nihil vero dolor distinctio.,0,2024-05-30 13:43:00,2024-05-30 13:43:00
25,391,10,17,3.0,Qui in quae sunt ipsa non. Aut omnis ut non. Possimus fugit in eveniet odio quod rerum mollitia.,1,2024-05-30 13:43:00,2024-05-30 13:43:00
26,389,7,25,2.0,Reiciendis soluta eius et exercitationem voluptas ut id. Eius quidem doloremque pariatur est eos non. Officia quae et animi ad.,1,2024-05-30 13:42:59,2024-05-30 13:42:59
27,388,18,17,3.0,Suscipit est quisquam tempora delectus ex. Qui ut voluptatum rerum. Cupiditate facere et qui voluptatem officiis. Consectetur vero iusto est eaque. Repellendus nulla quia qui illo amet a et dolorem.,1,2024-05-30 13:42:58,2024-05-30 13:42:58
28,386,26,9,4.0,Sint ut nam molestiae modi. Cumque vero minima dolorem fugit asperiores maiores enim ex. Modi natus ut inventore doloribus. Quia voluptate doloremque earum laudantium quia ut nihil accusantium.,1,2024-05-30 13:42:57,2024-05-30 13:42:57
29,387,29,14,3.0,Quasi eaque modi totam sint qui dicta animi. Optio neque doloribus culpa rerum mollitia facere. Praesentium officia facere iusto et quia earum. Fugiat doloribus soluta consequatur sit et.,0,2024-05-30 13:42:57,2024-05-30 13:42:57
30,385,8,16,4.0,Dolore ex explicabo ipsum neque. Voluptatibus id itaque quia. Aut et temporibus aut odit dolor nostrum enim quasi. Fugit repellendus facilis sit fuga eos sit.,0,2024-05-30 13:42:56,2024-05-30 13:42:56
31,384,39,28,2.0,Aut sequi modi rerum sed maiores. Neque non ducimus qui. Enim sit sed architecto harum. Ipsa fugiat cum voluptas animi.,0,2024-05-30 13:42:55,2024-05-30 13:42:55
32,383,16,18,2.0,Aliquid facere modi dolore voluptatum. Autem dolor quia magnam aperiam explicabo. Tempore vitae quisquam dolorem id. Deleniti autem et molestias.,0,2024-05-30 13:42:54,2024-05-30 13:42:54
33,381,22,28,4.0,Molestiae error assumenda voluptatum saepe. Fugiat ipsa voluptatem ut accusamus quaerat explicabo. Dolor accusantium sed soluta quia labore est. Magni eum ut ratione eum similique soluta quas.,1,2024-05-30 13:42:53,2024-05-30 13:42:53
34,382,20,7,5.0,Dicta ut voluptatem eligendi enim similique unde dicta. Aut pariatur voluptatem vitae deserunt veritatis. Quae debitis non libero culpa voluptatibus.,1,2024-05-30 13:42:53,2024-05-30 13:42:53
35,380,15,19,5.0,Quia neque sed in fugit inventore esse. Eum maiores dignissimos est nihil autem cupiditate dolorem. Maxime asperiores nihil architecto nisi. Omnis eum amet reiciendis rerum quam eum perferendis.,0,2024-05-30 13:42:52,2024-05-30 13:42:52
36,379,22,14,2.0,Aut vero rerum delectus autem ratione nisi aut. Alias ullam et sapiente quis voluptas impedit qui quae. Praesentium eum porro nihil culpa eligendi. Consequatur asperiores optio repellat qui est.,1,2024-05-30 13:42:51,2024-05-30 13:42:51
37,378,38,14,3.0,Dolorum tenetur beatae eum eaque maiores ut labore. Corporis ratione reiciendis voluptas ratione. Rerum autem esse aut totam accusantium quo velit. Voluptatem aperiam ut ut optio earum.,0,2024-05-30 13:42:50,2024-05-30 13:42:50
38,377,24,32,4.0,Neque reiciendis voluptas perspiciatis fuga. Impedit sit porro aspernatur enim incidunt nemo. Cupiditate architecto commodi optio.,1,2024-05-30 13:42:49,2024-05-30 13:42:49
39,376,43,11,4.0,Eligendi in qui quo excepturi asperiores. Quo vitae vel atque nostrum porro. Autem rerum velit dolores qui. Hic praesentium numquam incidunt necessitatibus consequatur consequuntur eligendi eum. Eum voluptatem debitis rerum qui voluptatem doloremque nulla ea.,0,2024-05-30 13:42:48,2024-05-30 13:42:48
40,375,12,19,3.0,Necessitatibus voluptatem ratione in ea optio at. Ut voluptatum est id nemo rem. Cumque vero repellendus eum est. Natus placeat ratione consequatur eius.,1,2024-05-30 13:42:46,2024-05-30 13:42:46
41,374,28,20,3.0,Dolores dicta eos error rerum sit. Quos hic maxime aut. Numquam maiores sint perferendis ipsam debitis.,0,2024-05-30 13:42:45,2024-05-30 13:42:45
42,373,2,4,5.0,Rerum aperiam autem eos et sapiente aut voluptas. Et quia aliquam maiores suscipit aperiam ratione quia. Sunt ut quam voluptatum et molestiae ad.,1,2024-05-30 13:42:44,2024-05-30 13:42:44
43,372,6,17,4.0,Pariatur esse dolorum sint sunt ut beatae ab. Voluptates dicta sint ab. Reiciendis suscipit dolores consequatur et quaerat rem atque.,0,2024-05-30 13:42:42,2024-05-30 13:42:42
44,371,43,1,2.0,Quia asperiores quia est necessitatibus et tenetur. Explicabo doloremque impedit et voluptas excepturi. Est inventore rem aliquam consectetur minus.,1,2024-05-30 13:42:40,2024-05-30 13:42:40
45,370,12,31,2.0,Ad quis quia dolorem adipisci. Laborum qui tempore vel ea. Fugit voluptatum molestiae quibusdam qui. Quasi ab et perspiciatis quia.,1,2024-05-30 13:42:39,2024-05-30 13:42:39
46,369,41,7,4.0,Qui vel cum nisi soluta hic accusamus. Ratione distinctio deserunt maiores odit dolorum sit et. Id odit vel ducimus unde. Aut sunt culpa illum aspernatur.,1,2024-05-30 13:42:38,2024-05-30 13:42:38
47,368,42,31,4.0,Quidem porro ut at omnis sint molestias numquam tempore. Natus itaque quisquam autem cupiditate et doloribus. Officia consectetur qui deleniti qui minus.,1,2024-05-30 13:42:36,2024-05-30 13:42:36
48,367,27,1,2.0,Earum facilis repellat quisquam odit. Libero placeat est dolor perspiciatis tenetur ea. Cupiditate consequatur voluptas corrupti voluptas fugiat. Totam voluptates mollitia ut assumenda impedit itaque.,0,2024-05-30 13:42:35,2024-05-30 13:42:35
49,366,43,31,4.0,Aut facilis dicta nostrum ut. Repudiandae assumenda et aut iusto cum. Occaecati non ipsam placeat facere dolores. Voluptatem exercitationem incidunt sit ut amet autem dolorem. Alias repellat labore praesentium eveniet aliquam autem qui.,1,2024-05-30 13:42:34,2024-05-30 13:42:34
50,365,29,7,2.0,Amet beatae necessitatibus laboriosam quidem voluptatem qui. Quibusdam adipisci aut provident est quis aut. Optio dolor eum non quasi labore ut.,0,2024-05-30 13:42:33,2024-05-30 13:42:33
51,364,15,16,3.0,Porro aut quos dolorem inventore quis. Beatae aut libero rerum blanditiis officiis aspernatur. Quia voluptas sint enim quam totam.,0,2024-05-30 13:42:31,2024-05-30 13:42:31
52,363,1,23,3.0,Iure modi sit reprehenderit atque vitae deleniti. Ut ut quibusdam modi. Iure rerum nisi repudiandae saepe. Excepturi id consectetur maiores laudantium vel.,0,2024-05-30 13:42:30,2024-05-30 13:42:30
53,362,37,35,2.0,Et id aliquid omnis fugit consequatur esse. Mollitia eveniet architecto velit at. Deserunt molestiae ipsum sunt dolore repellendus.,1,2024-05-30 13:42:29,2024-05-30 13:42:29
54,361,39,21,4.0,Nesciunt accusantium sint adipisci quaerat et. Quae eos dignissimos magnam harum perspiciatis. Et distinctio iusto aliquam dolor eum rem ut. Est dolorem vel et totam sit.,1,2024-05-30 13:42:27,2024-05-30 13:42:27
55,359,39,24,3.0,Hic temporibus quo sint. Tenetur voluptates ratione id fuga expedita rerum. Repudiandae temporibus dolore doloribus omnis cumque eos officia.,0,2024-05-30 13:42:26,2024-05-30 13:42:26
56,360,37,31,4.0,Ea id quasi qui dicta. Enim nisi ipsum ratione soluta molestias voluptas. Dolorem dolorem unde sit vel id.,0,2024-05-30 13:42:26,2024-05-30 13:42:26
57,358,21,12,3.0,Enim aliquam sequi similique expedita sed sunt sint. Earum laudantium velit et consequatur. Libero eius sint odit aliquam veniam tempore non dolore.,1,2024-05-30 13:42:25,2024-05-30 13:42:25
58,356,40,22,3.0,Sed sed vero iure quam nam quibusdam deserunt. Voluptatem harum autem itaque provident voluptas nesciunt nesciunt. Ducimus omnis autem voluptatem incidunt quo. Nihil voluptas debitis modi quis beatae omnis aliquam.,0,2024-05-30 13:42:24,2024-05-30 13:42:24
59,357,20,6,1.0,Corporis quae voluptatem sequi qui. Officia beatae nobis cupiditate enim laborum iusto deserunt mollitia. In ut sed eos labore.,0,2024-05-30 13:42:24,2024-05-30 13:42:24
60,355,35,12,5.0,In et aliquid non ex ut. In quidem maiores in quibusdam et consequatur. Qui qui ut omnis qui saepe sit distinctio. Tempore ab repellendus rerum quis.,1,2024-05-30 13:42:23,2024-05-30 13:42:23
61,354,12,25,3.0,Et qui velit officiis sit id voluptatum. Dolor sit nemo in. Id minima error in.,1,2024-05-30 13:42:22,2024-05-30 13:42:22
62,352,40,6,3.0,Suscipit vel in eum aut reiciendis. At deleniti a quia tempora illo itaque nam. Quod odit pariatur ut.,0,2024-05-30 13:42:21,2024-05-30 13:42:21
63,353,26,18,4.0,Architecto blanditiis beatae quas dicta sunt laudantium. Quos vel nihil ut non eveniet. Repudiandae voluptate perferendis id est et doloribus eveniet.,0,2024-05-30 13:42:21,2024-05-30 13:42:21
64,351,42,12,2.0,Enim voluptate dolore in et excepturi. Similique similique voluptatum et iste quod quaerat nobis. Doloribus amet aut hic voluptate eligendi. Officiis sed itaque quis quo quaerat.,0,2024-05-30 13:42:20,2024-05-30 13:42:20
65,350,26,30,2.0,Doloribus aliquid ipsum ut ex dolores facere. Et nihil magni qui et et vel dolorem molestiae. Velit ullam velit aut eos rem sint.,0,2024-05-30 13:42:19,2024-05-30 13:42:19
66,348,4,25,1.0,Dicta sequi doloribus deleniti quaerat. Consequatur quis praesentium voluptatum in magni corrupti. Praesentium temporibus itaque ut natus aut fugiat velit. Sapiente beatae alias quos beatae sapiente.,0,2024-05-30 13:42:18,2024-05-30 13:42:18
67,349,18,27,5.0,Omnis velit corrupti necessitatibus et odit quia. Voluptas provident reiciendis illo. Ut quidem iure delectus veniam. Et magni aut dolores quas aperiam et sed.,1,2024-05-30 13:42:18,2024-05-30 13:42:18
68,347,26,30,5.0,Veritatis aperiam laudantium recusandae magni corporis vel. Sed harum ut quos. Modi iste voluptas quia.,1,2024-05-30 13:42:17,2024-05-30 13:42:17
69,345,23,32,5.0,Magni et quae natus vitae est placeat quaerat. Error optio assumenda molestias vitae et ea. Tenetur voluptas exercitationem consectetur omnis explicabo.,1,2024-05-30 13:42:16,2024-05-30 13:42:16
70,346,34,35,5.0,Velit rerum ea molestiae ipsa et ut. Totam sunt quos assumenda fugiat est eius sit. Ex aliquid voluptas ullam quo. Veniam ea maxime aut laborum.,0,2024-05-30 13:42:16,2024-05-30 13:42:16
71,344,30,29,4.0,Sed aliquid voluptatibus aut voluptas vero sit facere. Saepe quam id vel ea. Voluptatem maxime nisi perspiciatis ut quam at reiciendis. Sint sint eligendi ipsam veritatis amet veritatis. Qui nostrum accusantium atque et quod animi id.,1,2024-05-30 13:42:15,2024-05-30 13:42:15
72,343,3,17,3.0,Asperiores ut beatae consequatur molestias debitis. Quo modi est maiores ex. Qui excepturi in esse deleniti est deleniti veniam. Repellat eveniet velit natus ut totam.,1,2024-05-30 13:42:14,2024-05-30 13:42:14
73,341,16,22,5.0,Rerum quisquam sunt voluptates nobis autem voluptas. Facere ut amet et. Iste sit sit sequi voluptatem tenetur dolore.,1,2024-05-30 13:42:13,2024-05-30 13:42:13
74,342,36,16,3.0,Qui labore et recusandae dolore similique. Ducimus enim ut et ea ipsam laboriosam sint et. Aut dolor ut reprehenderit. Harum quam enim facere doloremque quos totam rerum.,1,2024-05-30 13:42:13,2024-05-30 13:42:13
75,340,43,17,5.0,Nulla debitis dolores est excepturi. Nihil odit officiis saepe eligendi mollitia. Sunt delectus est est quo quis ab.,1,2024-05-30 13:42:12,2024-05-30 13:42:12
76,338,5,27,2.0,Temporibus quia repellat dolor et et voluptatibus ut. Magnam autem voluptate perspiciatis at eius ducimus voluptatem vel. At nemo eos fuga odio et et odio.,1,2024-05-30 13:42:11,2024-05-30 13:42:11
77,339,20,19,1.0,Dolor quae impedit ad sint soluta et labore. Fugiat commodi minus in laboriosam qui culpa non dolore. Et magnam adipisci ullam dolorem.,1,2024-05-30 13:42:11,2024-05-30 13:42:11
78,337,10,13,1.0,Eos optio dolorem incidunt et. Et consectetur molestiae est ducimus nemo. Facere delectus voluptas aspernatur. Molestiae voluptates delectus qui et.,0,2024-05-30 13:42:10,2024-05-30 13:42:10
79,336,39,8,5.0,Dignissimos qui deserunt nam odit impedit non rerum. Eaque esse sint unde ratione. Sequi dolor sit ut explicabo voluptatem. Neque amet ex recusandae ullam vitae voluptate voluptate nobis. Praesentium quaerat eveniet maiores quibusdam odio reiciendis.,1,2024-05-30 13:42:09,2024-05-30 13:42:09
80,334,41,4,4.0,Maiores et et modi voluptates distinctio et. Vitae vel qui voluptas incidunt et quae impedit sit. Nihil quis dolore perferendis dicta rerum quam sit.,0,2024-05-30 13:42:08,2024-05-30 13:42:08
81,335,2,28,2.0,Laboriosam ut aut ea consequatur aut dolores sint. Soluta nostrum et et et officiis omnis et voluptatibus. Eum corrupti aut rerum est est rerum doloribus molestias.,0,2024-05-30 13:42:08,2024-05-30 13:42:08
82,333,44,30,4.0,Quis sed aut aut qui maiores commodi. Ipsa in ad perspiciatis quod est similique dolorem molestiae. Officia aut quo eum repudiandae quo et. Sint dolorem labore accusamus consequatur quo nulla et.,0,2024-05-30 13:42:07,2024-05-30 13:42:07
83,331,43,6,4.0,Eum quod quis praesentium nisi nihil vel. Dolorum amet voluptatibus rerum voluptatibus. Nobis voluptas assumenda qui sequi velit voluptatem dolorum praesentium.,1,2024-05-30 13:42:06,2024-05-30 13:42:06
84,332,27,31,4.0,Provident saepe quos facere eveniet deleniti reiciendis molestiae praesentium. Praesentium facere qui quis sit consequatur consequatur. Culpa quasi quae cum tenetur error. Eos dolores odit qui.,1,2024-05-30 13:42:06,2024-05-30 13:42:06
85,330,36,11,4.0,Asperiores fugit tempore provident et ut qui. Sequi quasi tempora optio laboriosam et mollitia veniam. Aut facilis et et est. Eum nulla non sit sequi ipsum officia consectetur.,0,2024-05-30 13:42:05,2024-05-30 13:42:05
86,329,18,36,4.0,Cumque officia non repellat velit ducimus sed. Magni repudiandae est eum autem harum quis nobis aperiam. Sequi ullam occaecati sed libero.,1,2024-05-30 13:42:04,2024-05-30 13:42:04
87,327,10,6,2.0,Et magni praesentium quibusdam ullam unde ab ut. Necessitatibus excepturi inventore et assumenda sequi dicta qui. Est occaecati aut dolorum quibusdam sint ipsa. Animi cum et consequatur sit quas cumque eos.,1,2024-05-30 13:42:03,2024-05-30 13:42:03
88,328,42,16,3.0,Officia nulla natus repudiandae hic impedit repellendus cupiditate recusandae. Ipsam voluptates ut sed commodi ut eius explicabo. Velit nisi voluptatum quos.,0,2024-05-30 13:42:03,2024-05-30 13:42:03
89,326,5,11,4.0,Sequi repellendus voluptatem ipsa. Repellat distinctio recusandae eos nihil enim ab. Optio nisi deserunt officia et et sit. Quo dolorem ratione quaerat enim impedit.,1,2024-05-30 13:42:02,2024-05-30 13:42:02
90,324,29,25,5.0,Nisi repellendus tempora quos sint dolorem. Sit est sint voluptas laudantium praesentium id.,1,2024-05-30 13:42:01,2024-05-30 13:42:01
91,325,25,17,1.0,Excepturi occaecati quia ipsum quod. Vel ut ea voluptatibus quasi modi sequi quo.,0,2024-05-30 13:42:01,2024-05-30 13:42:01
92,323,21,1,1.0,Corporis ipsum molestiae nemo at expedita. Sed tempore non quia ut odio ea consequatur fuga. Sint aspernatur consequuntur magnam sunt et saepe fugit.,1,2024-05-30 13:42:00,2024-05-30 13:42:00
93,322,34,11,2.0,Ab earum ab quia vero. Aut suscipit distinctio ipsa in consequatur et ea dolorum.,0,2024-05-30 13:41:59,2024-05-30 13:41:59
94,320,26,2,3.0,Accusantium non id nemo. Voluptatum quas harum ab dolorem atque illum. Nemo optio beatae quasi eos dolorem.,0,2024-05-30 13:41:58,2024-05-30 13:41:58
95,321,18,33,4.0,Quis totam doloribus quibusdam autem. Quia ipsa et vel a maxime impedit id. Ab nihil iusto ipsum tempora qui labore aut. Voluptatum ipsa officia aliquid consequuntur quia.,0,2024-05-30 13:41:58,2024-05-30 13:41:58
96,319,10,17,3.0,Distinctio non voluptate voluptatem eum. Voluptatem dicta et maiores nostrum.,0,2024-05-30 13:41:57,2024-05-30 13:41:57
97,318,41,18,5.0,Unde dolorum tenetur nam in. Deleniti quam praesentium repellendus natus. Eum quia tenetur tempore suscipit minus.,1,2024-05-30 13:41:56,2024-05-30 13:41:56
98,316,30,21,2.0,Aut est consequatur ut ut. Voluptatem nam quasi vel. Libero voluptate veritatis culpa itaque.,0,2024-05-30 13:41:55,2024-05-30 13:41:55
99,317,42,8,2.0,Explicabo nobis ducimus reprehenderit corporis aliquid quo omnis voluptas. Qui expedita laborum neque. Ut dolores dolor ratione ullam unde beatae.,1,2024-05-30 13:41:55,2024-05-30 13:41:55
100,315,28,5,5.0,Omnis sed maxime a dicta. Amet aut atque maiores architecto voluptatem. Consequatur enim molestias est labore aperiam iusto id. Ratione nulla hic voluptate in totam temporibus.,0,2024-05-30 13:41:54,2024-05-30 13:41:54
101,314,10,11,4.0,Quod maxime est rerum et. Placeat neque cum mollitia modi qui soluta. Et odio voluptatem facilis sed ab eveniet. Qui ratione necessitatibus consectetur sit laudantium occaecati dolores inventore.,0,2024-05-30 13:41:53,2024-05-30 13:41:53
102,312,4,24,3.0,Quod aut rerum quia consequuntur. Ea sed architecto quam velit voluptatem. Porro harum nulla quia rerum deleniti non ut enim. Id harum blanditiis omnis itaque et.,0,2024-05-30 13:41:52,2024-05-30 13:41:52
103,313,38,3,3.0,Nihil consequatur unde voluptas velit. Voluptas dicta cumque incidunt ab dolor placeat officiis. Deserunt enim cum sint.,0,2024-05-30 13:41:52,2024-05-30 13:41:52
104,311,30,23,2.0,Ea dolores veniam ratione saepe dolorem et ea. Quos dolor et aspernatur sed voluptatem hic dolore. Et quia qui molestiae minus facere facilis. Sed totam voluptas blanditiis enim consequatur itaque unde. Magnam eaque omnis beatae aspernatur aspernatur qui aperiam vel.,1,2024-05-30 13:41:51,2024-05-30 13:41:51
105,310,2,32,5.0,Corrupti quod officia et eligendi. Maxime consequatur eos et aliquid. Rerum laborum quaerat animi libero nostrum. Expedita dolor et ipsam repellendus quam ipsum.,1,2024-05-30 13:41:49,2024-05-30 13:41:49
106,309,43,20,5.0,Consequuntur iste vel itaque. Molestiae labore numquam saepe perspiciatis. Ea aut provident ut sit sed soluta qui recusandae.,1,2024-05-30 13:41:48,2024-05-30 13:41:48
107,308,42,12,1.0,Explicabo laborum molestias voluptas quia error delectus voluptatibus ab. Quo eaque aut corrupti numquam eos et.,0,2024-05-30 13:41:46,2024-05-30 13:41:46
108,307,3,8,4.0,Dolores consequatur sunt omnis autem fugiat doloremque natus. Omnis provident et culpa quis. Neque id maxime eos. Eum molestias aliquam deserunt nisi repellendus.,1,2024-05-30 13:41:45,2024-05-30 13:41:45
109,306,9,10,2.0,Consequuntur illum laborum impedit assumenda. Id error dolor velit omnis laborum. Corrupti blanditiis voluptatem aliquid qui voluptates. Ea porro veritatis aperiam expedita voluptatem sit.,1,2024-05-30 13:41:44,2024-05-30 13:41:44
110,305,8,36,1.0,Distinctio ut qui reiciendis. Qui maxime at totam voluptatem qui voluptatem voluptas ut. Praesentium incidunt eius temporibus quo placeat. Illo officiis eaque non id expedita quas. Similique et assumenda ut omnis id similique.,1,2024-05-30 13:41:43,2024-05-30 13:41:43
111,304,43,1,5.0,Qui minus quia optio nam culpa dolore dicta. Suscipit sed nulla rerum vel aut fugit.,1,2024-05-30 13:41:41,2024-05-30 13:41:41
112,303,36,15,4.0,Eos eveniet harum eum omnis sint. Ut neque est impedit molestiae officiis sapiente. Tempora consequatur blanditiis voluptatem eos non mollitia. Aspernatur eos et alias delectus voluptatem at.,1,2024-05-30 13:41:40,2024-05-30 13:41:40
113,302,5,28,4.0,Magnam enim cum est non. Perferendis illum consectetur sint incidunt.,1,2024-05-30 13:41:39,2024-05-30 13:41:39
114,301,26,18,1.0,Vitae enim facilis vero deleniti ut sapiente eaque est. Maiores nihil mollitia dolores eos quasi iure. Cum autem rem impedit omnis consequatur provident ut. Consectetur explicabo est consequatur neque velit et et.,1,2024-05-30 13:41:38,2024-05-30 13:41:38
115,300,36,36,3.0,Sed officia minima odit placeat. Et quos dolor ab sit labore. Labore numquam in nam adipisci.,1,2024-05-30 13:41:36,2024-05-30 13:41:36
116,299,25,30,1.0,Libero numquam sint iusto possimus molestiae. Possimus voluptatum animi illum consectetur in esse sit. Suscipit et ab unde sed exercitationem fugit. Explicabo est aliquid corporis quasi est eligendi ut.,0,2024-05-30 13:41:35,2024-05-30 13:41:35
117,297,29,2,5.0,Aliquid quo vel dolorem doloremque unde architecto. Fuga numquam beatae vel qui est sunt ab et. Praesentium aut tempore ab consectetur vel laboriosam.,0,2024-05-30 13:41:32,2024-05-30 13:41:32
118,296,9,8,2.0,Maxime sint laborum ab quos eius et. Laudantium sint unde ad alias officiis inventore natus sed. Assumenda ab ea officia aut numquam. Sed qui et delectus est et.,1,2024-05-30 13:41:31,2024-05-30 13:41:31
119,295,25,10,3.0,Numquam a eveniet commodi saepe. Dolores et accusantium enim qui. Rerum quo placeat voluptates consequatur sapiente.,1,2024-05-30 13:41:30,2024-05-30 13:41:30
120,294,2,9,2.0,Dolorem rerum ex asperiores natus. Asperiores optio dolores maxime pariatur deserunt fugiat. Exercitationem rerum architecto corporis blanditiis consequuntur pariatur.,0,2024-05-30 13:41:29,2024-05-30 13:41:29
121,293,20,12,5.0,Officia dolore ipsum quibusdam dolorem officiis ut. Mollitia atque eum autem dolores. Beatae non quae tenetur.,1,2024-05-30 13:41:27,2024-05-30 13:41:27
122,292,43,7,5.0,Quo deleniti quia est aperiam. Qui in ut praesentium. Quisquam voluptate eum vel quis. Ea ut quis asperiores maxime quos vitae.,1,2024-05-30 13:41:26,2024-05-30 13:41:26
123,291,26,5,5.0,Accusantium laboriosam eos dicta voluptatem. Est minima molestias non voluptatem quia repudiandae. Enim autem et officia mollitia. Et dolorum officia et doloremque provident.,1,2024-05-30 13:41:25,2024-05-30 13:41:25
124,290,12,14,4.0,Et quisquam voluptatum qui natus. Exercitationem quod similique ut perspiciatis quo qui esse.,0,2024-05-30 13:41:24,2024-05-30 13:41:24
125,289,12,27,1.0,Laboriosam quam deleniti ut consequatur. Quo aut reiciendis ratione magni maxime explicabo quia. Et fuga voluptatum nulla quaerat voluptatem. Voluptates ea qui ut hic sit et.,0,2024-05-30 13:41:22,2024-05-30 13:41:22
126,287,38,26,3.0,Sed quis iusto ab suscipit corporis incidunt. Quaerat excepturi fugiat quos delectus accusamus. Id sed sunt soluta nihil. Illo molestiae libero voluptatem nihil accusamus.,0,2024-05-30 13:41:21,2024-05-30 13:41:21
127,288,32,33,4.0,Aliquid ea distinctio sed explicabo aliquid. Dicta dolorem labore ullam qui sit voluptas ratione. Consequatur doloribus autem dignissimos.,0,2024-05-30 13:41:21,2024-05-30 13:41:21
128,286,22,8,4.0,Unde saepe harum soluta laborum suscipit ut numquam. Est quia ullam aut illum. Dignissimos soluta reiciendis tempore et quasi. Ut fugit accusantium dolor omnis numquam.,1,2024-05-30 13:41:20,2024-05-30 13:41:20
129,285,21,28,5.0,Ut incidunt voluptas voluptate repellat eaque quia. Officiis qui sint laborum qui odit rem. Tempore eum sit occaecati itaque. Animi molestiae aperiam assumenda tempore exercitationem.,1,2024-05-30 13:41:19,2024-05-30 13:41:19
130,283,21,25,2.0,Vel nobis non atque quam dolor. Non beatae laudantium officia quis et enim reprehenderit. Et maiores repellat sit dolor reiciendis id. Nulla unde adipisci voluptatem vitae quasi.,1,2024-05-30 13:41:18,2024-05-30 13:41:18
131,284,16,33,1.0,Commodi excepturi impedit est dolore aut numquam. Qui vitae vel architecto at aperiam quidem dignissimos ducimus. Ad ut tempore ratione voluptatem ullam mollitia.,1,2024-05-30 13:41:18,2024-05-30 13:41:18
132,282,37,27,2.0,Culpa eos modi cum. Nemo qui natus hic molestias debitis sed cumque. Quae fuga velit blanditiis odio minima et deleniti.,0,2024-05-30 13:41:17,2024-05-30 13:41:17
133,281,1,20,2.0,Odit quia consequuntur vitae dolorem eos. Molestiae porro laborum vero iure rerum. Et ut ut aut omnis sit. Atque nam molestiae sint non ipsa esse.,0,2024-05-30 13:41:16,2024-05-30 13:41:16
134,279,28,28,1.0,Quibusdam qui doloribus rerum dignissimos quo est. Consequatur nisi cupiditate fugiat consectetur pariatur similique. Deleniti consequatur qui et voluptatem provident dolorum non. Repellendus nisi maiores ex ratione reprehenderit.,0,2024-05-30 13:41:15,2024-05-30 13:41:15
135,280,20,35,5.0,Vel asperiores rerum fugiat perferendis nemo vitae unde sapiente. Quo possimus ad est quod quos. Quod sunt odio consectetur voluptatem pariatur. Culpa a consequatur aperiam et modi.,0,2024-05-30 13:41:15,2024-05-30 13:41:15
136,278,12,6,1.0,Minus omnis cum alias. Laudantium animi blanditiis distinctio nesciunt. Voluptas ut voluptatem magni totam.,1,2024-05-30 13:41:14,2024-05-30 13:41:14
137,277,17,9,5.0,Consequatur eius cumque eveniet ut id beatae autem. A praesentium non quisquam. Maiores voluptatibus qui laborum est optio in est.,0,2024-05-30 13:41:13,2024-05-30 13:41:13
138,275,24,25,3.0,Quo laudantium error ut dolores. Atque officiis quaerat distinctio quia et doloremque expedita. Eveniet expedita natus distinctio iusto facere beatae. Magnam atque a dolorem cumque animi nihil.,1,2024-05-30 13:41:12,2024-05-30 13:41:12
139,276,37,5,4.0,Qui aut corrupti repellendus. Quaerat voluptas molestiae et esse. Dolores iure cupiditate doloribus nihil quidem dolor.,1,2024-05-30 13:41:12,2024-05-30 13:41:12
140,274,39,9,3.0,Voluptatem architecto laborum ut perferendis aspernatur itaque recusandae rerum. Ut tempora culpa mollitia dolor similique. Ullam occaecati ab est repellat quas.,0,2024-05-30 13:41:11,2024-05-30 13:41:11
141,272,27,8,5.0,Voluptatum vitae modi sequi nam voluptas doloremque. Illum maiores ut ab molestiae sunt.,0,2024-05-30 13:41:10,2024-05-30 13:41:10
142,273,16,9,3.0,Placeat optio possimus inventore est quod molestias voluptas. Iste aspernatur maxime ipsum earum. Dolores illum sint ut dicta aliquam et.,1,2024-05-30 13:41:10,2024-05-30 13:41:10
143,271,15,24,2.0,Magnam quaerat praesentium porro dolorum nam accusamus laboriosam. Inventore minima dicta expedita suscipit. Fuga et et adipisci iusto enim iusto.,0,2024-05-30 13:41:09,2024-05-30 13:41:09
144,270,16,23,5.0,Dolorem voluptas et tempore distinctio. Rerum laudantium blanditiis laboriosam. Dolorem soluta quas exercitationem. Nihil blanditiis voluptatem nam id rem accusantium.,1,2024-05-30 13:41:08,2024-05-30 13:41:08
145,269,35,19,3.0,Dolores unde necessitatibus fugit voluptas architecto ut. Ullam possimus iure ullam quo totam aut ut.,0,2024-05-30 13:41:07,2024-05-30 13:41:07
146,268,30,13,3.0,Et sint nihil excepturi dicta minus ipsam voluptatem. Velit fugiat qui doloribus architecto iste. Quis vel alias consequatur quidem quis at. Deleniti sunt velit minus repellendus.,1,2024-05-30 13:41:06,2024-05-30 13:41:06
147,266,3,4,2.0,Sed ratione aliquid fugiat laborum dolores. Repudiandae similique rem accusantium vero perspiciatis laudantium aspernatur. Dolores recusandae tempora natus amet eos maiores quod. Ullam et saepe dolor.,1,2024-05-30 13:41:05,2024-05-30 13:41:05
148,267,17,5,5.0,Molestiae deleniti delectus est consequatur cum laborum veritatis. Magni cumque nihil quaerat minima enim laborum. Magni odit sapiente velit sequi ullam.,1,2024-05-30 13:41:05,2024-05-30 13:41:05
149,265,21,4,2.0,Est ipsum earum ut. Velit enim numquam iure nulla. Assumenda commodi aut ea eligendi facere non. Modi quasi ut quae quia quisquam.,1,2024-05-30 13:41:04,2024-05-30 13:41:04
150,264,10,3,3.0,Et voluptas fuga amet. Qui voluptate expedita ratione. Dolorum laudantium optio asperiores voluptas in eveniet velit qui.,0,2024-05-30 13:41:03,2024-05-30 13:41:03
151,262,9,6,2.0,Illum optio sunt recusandae quisquam. Magnam cum impedit ex nisi fuga. Nihil aut enim debitis ut.,1,2024-05-30 13:41:02,2024-05-30 13:41:02
152,263,27,3,1.0,Velit velit pariatur sequi id commodi. Molestiae cum eaque quidem sit aliquid qui. Aliquam odio dolorem quas soluta nisi. Fugiat corporis consectetur id possimus accusamus. Et impedit sed sapiente eum eos nostrum beatae.,1,2024-05-30 13:41:02,2024-05-30 13:41:02
153,261,4,1,1.0,Esse consequuntur dolorem at magnam eligendi dolor minus. Et natus et quibusdam excepturi. Odio quo ab labore harum. Beatae et corporis voluptas.,0,2024-05-30 13:41:01,2024-05-30 13:41:01
154,259,40,33,4.0,Inventore distinctio quaerat voluptatibus et et mollitia consequatur. Deserunt officiis non laboriosam in. Illo fugit qui unde necessitatibus.,0,2024-05-30 13:41:00,2024-05-30 13:41:00
155,260,2,18,1.0,Culpa sequi omnis reiciendis ipsam quia quia cupiditate. Architecto nostrum nam labore totam excepturi facilis incidunt. Eveniet quisquam nisi in sit fugit nihil.,0,2024-05-30 13:41:00,2024-05-30 13:41:00
156,258,8,18,3.0,Quia quia dolorem facere quaerat et laborum officia. Ad porro distinctio aut sit reiciendis cumque velit modi. Accusamus est cum assumenda ut qui. Doloribus eos rerum quae in.,1,2024-05-30 13:40:59,2024-05-30 13:40:59
157,257,3,28,4.0,Et exercitationem officia asperiores eos. Totam perferendis odio doloremque nisi mollitia praesentium. Optio repudiandae unde accusamus autem dignissimos veniam. Et harum eos voluptates in rerum rerum et.,1,2024-05-30 13:40:58,2024-05-30 13:40:58
158,255,17,23,3.0,Quidem voluptas neque sint corporis. Laborum placeat fugiat omnis quis consequatur ut. Voluptate rerum explicabo expedita possimus omnis.,0,2024-05-30 13:40:57,2024-05-30 13:40:57
159,256,4,13,2.0,Sed sequi repudiandae asperiores quia harum dolor. Excepturi voluptatum molestias aut quae laborum similique vero et. Quia cum ut est perspiciatis at suscipit. Cupiditate perferendis quasi quos nulla repellendus sunt blanditiis.,0,2024-05-30 13:40:57,2024-05-30 13:40:57
160,254,22,16,2.0,Officia fugiat tempore et et rerum. Sit ducimus porro cum id praesentium. Modi sed perferendis aut dolores. Exercitationem est enim quibusdam exercitationem.,0,2024-05-30 13:40:56,2024-05-30 13:40:56
161,252,43,35,2.0,Quos laboriosam recusandae quos aut debitis quas. Est aliquam qui nemo odit commodi. Earum qui exercitationem illo dolorem.,1,2024-05-30 13:40:55,2024-05-30 13:40:55
162,253,15,25,5.0,Distinctio rem harum enim aut voluptas quibusdam omnis. Tempore iure qui fuga ea consequatur qui nemo. Voluptatibus nemo enim cupiditate. Est neque est ipsum.,1,2024-05-30 13:40:55,2024-05-30 13:40:55
163,251,31,12,1.0,Deserunt atque expedita optio corporis. Voluptatibus veritatis laborum saepe quaerat repudiandae sunt molestiae voluptas. Placeat ex et saepe quia quibusdam.,1,2024-05-30 13:40:54,2024-05-30 13:40:54
164,250,35,12,5.0,Saepe quia fugit ipsa maiores. Sed fuga quia aut et.,0,2024-05-30 13:40:53,2024-05-30 13:40:53
165,249,4,34,4.0,Expedita libero fuga molestiae quis dolor. Eum dolor inventore vel. Ea nihil voluptate corrupti natus error recusandae iste. Quasi officia asperiores occaecati consequatur possimus.,0,2024-05-30 13:40:52,2024-05-30 13:40:52
166,248,44,24,3.0,Eum nisi amet in neque voluptatum sint. Amet molestiae debitis ut id labore qui et. Deleniti ea quo qui ea perspiciatis praesentium voluptatem.,1,2024-05-30 13:40:51,2024-05-30 13:40:51
167,247,25,7,4.0,Aliquid alias vel qui. Dolor saepe dolore voluptatem eius et ut. Totam et deleniti ab iste debitis ex.,0,2024-05-30 13:40:50,2024-05-30 13:40:50
168,246,42,3,3.0,Fuga alias numquam eaque. Est qui aut repellat ex omnis unde aut. Dolor quaerat et ut molestiae fugiat explicabo adipisci. Qui amet nisi placeat quo eligendi accusantium voluptatem.,1,2024-05-30 13:40:49,2024-05-30 13:40:49
169,245,21,13,5.0,Est sapiente architecto non distinctio. Excepturi eaque quia aut enim veritatis. Possimus quam unde repellendus suscipit perferendis omnis quam. Suscipit qui quis accusamus aut iure molestiae atque.,0,2024-05-30 13:40:47,2024-05-30 13:40:47
170,244,15,28,3.0,Consequatur rerum architecto consequatur. Porro error aut ipsam perspiciatis inventore qui est. Deserunt aut ut velit commodi iusto consequatur sit. Et voluptatem nisi sit quibusdam optio eum incidunt.,1,2024-05-30 13:40:45,2024-05-30 13:40:45
171,243,15,17,3.0,Odio et illum illo aspernatur fugit esse quos. Omnis in qui sapiente exercitationem a minima. Similique culpa hic exercitationem consequatur est voluptate.,1,2024-05-30 13:40:43,2024-05-30 13:40:43
172,242,11,7,5.0,Neque neque vitae laboriosam maiores ratione. Consequuntur perspiciatis non adipisci maiores molestiae illo ea.,0,2024-05-30 13:40:42,2024-05-30 13:40:42
173,241,15,2,2.0,Earum dolorum labore non officia. Esse magnam et iure dolorem. Et aut in rem dolorum qui illo.,0,2024-05-30 13:40:40,2024-05-30 13:40:40
174,240,1,14,5.0,Vel eveniet saepe qui voluptas perferendis. Et quibusdam libero consequatur harum vel doloribus. Vero tenetur ducimus iure qui atque consequatur. Qui non et aliquid aut ipsam. Dolorem repellat illo maxime ab et.,0,2024-05-30 13:40:39,2024-05-30 13:40:39
175,239,39,26,4.0,Ad odio hic labore exercitationem soluta. Aut vero odit eveniet. Assumenda maiores ratione molestiae repudiandae fuga molestiae accusamus officiis. Eaque in non qui eligendi voluptatibus fugiat adipisci. Ut qui optio inventore omnis eaque consequatur itaque.,0,2024-05-30 13:40:38,2024-05-30 13:40:38
176,238,22,4,4.0,Dolor dolor rem similique magni expedita et in. Facilis minus rerum consequatur sint iure occaecati. Hic adipisci iusto vitae asperiores ut tenetur nostrum.,0,2024-05-30 13:40:37,2024-05-30 13:40:37
177,236,40,14,5.0,Expedita neque voluptatem vitae totam sit dolor nam error. Et quasi ipsum perferendis hic eligendi atque et. Ut distinctio esse blanditiis.,0,2024-05-30 13:40:35,2024-05-30 13:40:35
178,237,24,27,3.0,Ut ea qui est velit sapiente voluptas. Tenetur cupiditate praesentium soluta magnam ab sed. Animi ea ipsa qui qui reiciendis animi.,0,2024-05-30 13:40:35,2024-05-30 13:40:35
179,235,15,36,1.0,Iste aperiam ducimus repudiandae aut quisquam. Qui ut voluptatem excepturi occaecati officia a occaecati.,0,2024-05-30 13:40:34,2024-05-30 13:40:34
180,234,35,14,1.0,Occaecati delectus occaecati officiis ut fugit in repellat. Temporibus laboriosam ut facere fugit quae sapiente. Molestias enim quo blanditiis est quis. Quo deleniti rerum ut et quaerat nesciunt et. Voluptate ipsum sint consectetur aut delectus mollitia alias.,0,2024-05-30 13:40:33,2024-05-30 13:40:33
181,233,19,9,5.0,Sit quisquam occaecati quo omnis. Est possimus et vel qui sit repellendus quaerat. Velit culpa iste necessitatibus sint non nulla alias. Iusto omnis expedita veritatis minus deserunt expedita similique.,0,2024-05-30 13:40:32,2024-05-30 13:40:32
182,232,31,29,1.0,Expedita dolorem animi est dolorem distinctio. Eos aut nam sequi maxime officia. Voluptas sit quasi rem praesentium odio tempore optio eius.,0,2024-05-30 13:40:30,2024-05-30 13:40:30
183,231,16,3,1.0,Unde non amet ut expedita. Velit sed non in quisquam quod. Fuga reiciendis quam maiores a omnis.,0,2024-05-30 13:40:29,2024-05-30 13:40:29
184,230,36,1,2.0,Aspernatur debitis eum numquam dolore velit hic aliquam. Rerum ducimus qui optio nam ipsam ducimus. Facilis expedita facere et sed ut iusto quia.,0,2024-05-30 13:40:28,2024-05-30 13:40:28
185,229,25,25,1.0,Sunt quos placeat nulla similique minima. Adipisci quisquam natus quis cumque voluptatem voluptate ea debitis. At aut dolor iusto repellat quia fuga eos est.,0,2024-05-30 13:40:27,2024-05-30 13:40:27
186,228,24,32,4.0,Enim voluptas minus culpa quia velit numquam. Sunt aut omnis ut placeat tempora.,0,2024-05-30 13:40:26,2024-05-30 13:40:26
187,227,21,30,2.0,Ullam ea sed quibusdam iste. Optio delectus tenetur nobis eaque molestiae error repellendus. Iure eos ut totam et laborum explicabo.,0,2024-05-30 13:40:25,2024-05-30 13:40:25
188,226,36,8,1.0,Incidunt dolorem sequi velit et est omnis quisquam. Cum molestiae nihil dolorum id tenetur. Officia consequatur vel asperiores eveniet rerum nam qui.,1,2024-05-30 13:40:23,2024-05-30 13:40:23
189,225,16,28,5.0,Sit animi similique deserunt corrupti totam sint aut. Est voluptates ea amet qui vel aut eum nemo. Labore et laudantium est quia magni et.,1,2024-05-30 13:40:22,2024-05-30 13:40:22
190,224,38,6,3.0,Iusto cupiditate enim quasi nostrum. Rerum voluptas magni ex error delectus. Aliquam provident quis occaecati magni amet et quo enim.,0,2024-05-30 13:40:21,2024-05-30 13:40:21
191,223,34,27,5.0,Nihil maiores nihil officiis dolore eaque non. Et praesentium nostrum expedita dolorem ab. Temporibus aut voluptatum est error nobis sit repellendus. Similique minima vero placeat reiciendis omnis. Aperiam eos exercitationem sit sed sed.,1,2024-05-30 13:40:20,2024-05-30 13:40:20
192,222,25,6,3.0,Ullam nihil molestias adipisci porro qui possimus. Quaerat eos architecto omnis repellat eum. Animi libero tempore sit sed. Similique libero aut pariatur autem sit ducimus exercitationem.,1,2024-05-30 13:40:18,2024-05-30 13:40:18
193,221,24,31,2.0,Laborum et natus velit quod in est. Necessitatibus vero qui iusto quis necessitatibus. In optio est iste aspernatur.,0,2024-05-30 13:40:17,2024-05-30 13:40:17
194,220,11,36,4.0,Perferendis incidunt a voluptas enim voluptates. Recusandae ipsam quaerat enim. Minima ab enim quis consequuntur nam aut qui.,0,2024-05-30 13:40:16,2024-05-30 13:40:16
195,219,32,35,5.0,Velit vero id beatae. Perferendis repudiandae quia nihil officia. Aspernatur commodi fugit voluptas enim ex quia.,1,2024-05-30 13:40:15,2024-05-30 13:40:15
196,217,21,29,3.0,Nam sunt ut unde. Qui esse occaecati ut veniam alias. Culpa consequuntur eum sit enim laudantium magnam architecto.,1,2024-05-30 13:40:13,2024-05-30 13:40:13
197,218,21,13,4.0,Voluptate pariatur alias impedit eius saepe ut doloremque suscipit. Numquam iure ipsum natus occaecati aperiam. Vel officiis iusto velit voluptatibus et. Natus dolores error enim.,0,2024-05-30 13:40:13,2024-05-30 13:40:13
198,216,32,4,3.0,Quo nisi et amet corporis earum et. Sed mollitia consectetur id totam voluptatem saepe. Deserunt est soluta et voluptatem reiciendis ut et numquam. Repellat inventore quia in cum eum.,1,2024-05-30 13:40:12,2024-05-30 13:40:12
199,215,43,20,3.0,Repudiandae tenetur provident dolorem sint saepe facere labore. Porro ipsum cumque occaecati cumque fugiat dignissimos. Dicta possimus sapiente consequatur qui voluptas quia magnam. Odio debitis animi necessitatibus id perferendis et sapiente dolorum.,1,2024-05-30 13:40:10,2024-05-30 13:40:10
200,214,35,5,1.0,Enim incidunt aliquid magni et eos sunt. Quas dolore est accusantium dolores. Quis voluptatem quo rerum.,0,2024-05-30 13:40:09,2024-05-30 13:40:09
201,213,24,36,4.0,Adipisci blanditiis esse omnis veritatis mollitia omnis et. Quo ad quos sint. Labore repudiandae perferendis adipisci aut ratione tenetur ad ipsam.,1,2024-05-30 13:40:08,2024-05-30 13:40:08
202,212,14,15,1.0,Quis fuga qui dolor nisi omnis. Nisi neque dignissimos autem eos et id recusandae officiis. Vel dolor rerum nihil ad sit ratione. Corporis voluptatum et at voluptate.,0,2024-05-30 13:40:07,2024-05-30 13:40:07
203,211,8,3,1.0,Est occaecati dolor et incidunt. Placeat perspiciatis accusamus velit sunt eaque quia et. Dicta sint ipsa debitis doloribus quia.,1,2024-05-30 13:40:05,2024-05-30 13:40:05
204,210,19,11,1.0,Rerum enim est eligendi non quas nisi molestiae. Qui aut aut id quisquam consequatur. Cum tempore sed sunt ut voluptatem ea eligendi. Et fugit deleniti et ipsum.,0,2024-05-30 13:40:04,2024-05-30 13:40:04
205,209,6,34,2.0,Nisi ducimus maiores laudantium repellat molestiae quibusdam esse. Quia facere quasi voluptatem quasi et iure harum. Tempore velit occaecati omnis laborum ratione perferendis.,1,2024-05-30 13:40:03,2024-05-30 13:40:03
206,208,28,1,5.0,Ipsum sit fugiat officiis voluptatem. Cumque quae aut fuga magnam est. Sit quo dolores voluptas incidunt.,1,2024-05-30 13:40:02,2024-05-30 13:40:02
207,207,32,5,5.0,Ut quos sit ut rerum pariatur magnam at. Aspernatur eos optio eius harum. Possimus culpa exercitationem ipsa quia non similique quo. Qui beatae fuga sit aut cupiditate aspernatur. Optio ut consequatur libero.,1,2024-05-30 13:40:01,2024-05-30 13:40:01
208,205,5,31,4.0,Sit magni cum corporis repellat. Nemo temporibus tempore accusantium ipsum rerum aperiam. Natus molestias hic et aut eius cupiditate doloribus.,0,2024-05-30 13:39:59,2024-05-30 13:39:59
209,206,34,28,3.0,Aut et praesentium enim distinctio consequatur. Quae cupiditate libero quas sed neque voluptatum. Quod itaque atque ut ex in. Autem ipsum ut minima ex impedit.,1,2024-05-30 13:39:59,2024-05-30 13:39:59
210,204,7,9,2.0,Ut dolorum rerum explicabo voluptatem aut officiis unde consequatur. Aut voluptatum quam eius rerum repellat. Incidunt sit aperiam perferendis nisi aliquam in quia.,0,2024-05-30 13:39:58,2024-05-30 13:39:58
211,203,43,15,4.0,Necessitatibus sit expedita modi consequatur. Incidunt voluptas vel et eius.,0,2024-05-30 13:39:57,2024-05-30 13:39:57
212,201,7,16,5.0,Dolorem sint voluptatem rerum atque. Quis sint voluptatem voluptatum eum placeat veritatis eos. Neque quae earum aut aperiam corporis neque iusto fugiat.,0,2024-05-30 13:39:56,2024-05-30 13:39:56
213,202,12,34,1.0,Sit dolores doloremque modi voluptatibus tempora est. Voluptates sunt quia suscipit aut ipsum voluptas rerum. In suscipit nobis perferendis at nihil rem autem. Occaecati voluptatem enim rerum eaque quasi numquam. Laboriosam recusandae et et provident et.,1,2024-05-30 13:39:56,2024-05-30 13:39:56
214,200,8,7,1.0,Corporis sunt ut molestias corporis sit dolorem excepturi. Aut nisi quis aut est sed quae aut. Dicta voluptas ut qui nisi quod laboriosam. Repudiandae sequi sit ea repudiandae eligendi.,0,2024-05-30 13:39:55,2024-05-30 13:39:55
215,199,17,15,1.0,Qui ullam rerum id atque possimus dolor et quis. Est vitae at sunt. Dignissimos debitis nemo debitis officia dignissimos et. Iste laudantium ipsam amet illo omnis.,1,2024-05-30 13:39:54,2024-05-30 13:39:54
216,198,40,1,4.0,Deleniti earum illo in consequatur aut. Ratione cupiditate quam eos nostrum assumenda aut quia. Voluptatum sit fugit voluptatum nihil et. Rem eius earum quos amet.,1,2024-05-30 13:39:53,2024-05-30 13:39:53
217,197,43,1,5.0,Minima numquam vitae soluta dolores deleniti. Expedita reiciendis est ullam debitis harum mollitia. Laboriosam maiores in autem omnis inventore illo.,0,2024-05-30 13:39:52,2024-05-30 13:39:52
218,196,43,21,4.0,Sit officia deleniti dolorum aut deleniti non et. Fugiat autem deserunt ut deserunt. Sapiente quasi a totam id. Enim autem maiores sunt optio et necessitatibus.,1,2024-05-30 13:39:50,2024-05-30 13:39:50
219,195,2,32,3.0,Occaecati sit occaecati doloremque cumque perspiciatis qui. Et ipsam sit dolore dolorem. Deserunt laborum quia ut ut consequatur ratione suscipit in. Fugit id recusandae delectus.,1,2024-05-30 13:39:49,2024-05-30 13:39:49
220,194,2,17,5.0,Minima odio sint laudantium veniam doloribus amet. Nam aliquam exercitationem omnis quis minus quod. Occaecati voluptatem et repellat autem aliquam consequuntur.,0,2024-05-30 13:39:48,2024-05-30 13:39:48
221,193,40,30,3.0,Facere eum repellat eius qui delectus officiis. Consequuntur quam repellendus magnam itaque et aut eius. Mollitia fugit ipsa voluptatum laudantium. Rem qui est est perspiciatis incidunt error cupiditate.,1,2024-05-30 13:39:47,2024-05-30 13:39:47
222,192,20,18,1.0,Necessitatibus corporis omnis ea ad nulla debitis. Doloremque magnam non aperiam in. Doloremque quisquam sed mollitia tenetur ipsum sunt et.,1,2024-05-30 13:39:46,2024-05-30 13:39:46
223,191,9,11,3.0,Quae officia quam nihil nihil aut. Quo tenetur est voluptatum nihil.,0,2024-05-30 13:39:45,2024-05-30 13:39:45
224,190,23,21,1.0,Voluptate natus minima perferendis explicabo rem reiciendis libero. Voluptas sunt reprehenderit debitis dolorem et est. Aut numquam ut laborum quis ut accusantium aut odit. Adipisci iusto aut consequatur illo rem.,0,2024-05-30 13:39:44,2024-05-30 13:39:44
225,189,24,7,3.0,Et incidunt ut assumenda minus aut. Autem aut optio aliquid sequi quia iusto ut. Est incidunt vel ab assumenda maxime eum repellat.,0,2024-05-30 13:39:42,2024-05-30 13:39:42
226,188,24,12,2.0,Impedit quia molestiae consectetur quasi ab odio. Ut eligendi itaque sed aperiam at tenetur molestiae. Quisquam nulla earum voluptas cupiditate eum odio.,0,2024-05-30 13:39:41,2024-05-30 13:39:41
227,187,29,27,2.0,Ut perferendis et minima. Ut saepe sint laudantium in laboriosam. Officia a ut eligendi culpa et perspiciatis voluptatem. Aut dignissimos ut maxime aut laboriosam.,1,2024-05-30 13:39:40,2024-05-30 13:39:40
228,186,11,35,1.0,Ipsa repellendus vitae et occaecati. Ut exercitationem alias quod enim qui necessitatibus blanditiis. Autem aut dolores et distinctio. Illo commodi distinctio ex et.,0,2024-05-30 13:39:38,2024-05-30 13:39:38
229,185,39,32,5.0,Cupiditate autem minima dignissimos libero. Et vel omnis itaque quo in dolore deserunt. Pariatur nesciunt sint quis id. Veniam iste et ad aut consequatur voluptatem. Id qui dolorum velit.,0,2024-05-30 13:39:37,2024-05-30 13:39:37
230,184,23,9,3.0,Veritatis ipsa et ad aut sed omnis officiis. Minima sed quo a fugit exercitationem debitis aut. Sed corrupti incidunt deleniti voluptatem velit eos officia et. Id vel necessitatibus animi et ut et.,0,2024-05-30 13:39:35,2024-05-30 13:39:35
231,183,27,25,2.0,Vero et vel et vero. Eligendi recusandae corporis voluptas consequatur dolorem nulla eum. Illo porro fugit itaque quia.,0,2024-05-30 13:39:34,2024-05-30 13:39:34
232,182,9,32,1.0,In tempore sunt non et dolor delectus accusamus. Optio ipsa error dolores ea autem veritatis minus. Quia eligendi est sed maiores. Aliquid sapiente alias iure id reprehenderit repellendus non.,0,2024-05-30 13:39:32,2024-05-30 13:39:32
233,181,22,11,1.0,Eos dolores nemo ipsum vero. Impedit esse fugiat eveniet ab praesentium sit autem earum. Quasi ut voluptatem nesciunt excepturi minus in aliquam. Veritatis et voluptatibus distinctio ipsa rerum.,1,2024-05-30 13:39:31,2024-05-30 13:39:31
234,180,34,30,3.0,Ullam eum ullam optio aliquid beatae. Illo est animi sapiente rerum qui. Laudantium sed praesentium consequatur alias aliquam. Laboriosam magni quis ut vero aut.,0,2024-05-30 13:39:30,2024-05-30 13:39:30
235,179,10,28,4.0,Molestias omnis laboriosam quia quidem architecto et. Voluptatum aliquam fugiat impedit repellendus. Quaerat ut sint quaerat voluptatum.,1,2024-05-30 13:39:28,2024-05-30 13:39:28
236,178,4,17,3.0,Deserunt id aliquam temporibus delectus in enim voluptatem id. Reprehenderit accusamus nam quae magnam ut nemo. Eius blanditiis doloribus dolores porro veniam nemo. Aut veritatis enim vitae consectetur voluptatum repellendus quaerat.,0,2024-05-30 13:39:27,2024-05-30 13:39:27
237,177,30,7,3.0,Cum officiis asperiores quidem optio aut temporibus libero nemo. Aut nihil quasi iste maiores. Maxime commodi atque quidem soluta enim nobis. Blanditiis temporibus hic et tenetur id quia similique.,0,2024-05-30 13:39:26,2024-05-30 13:39:26
238,176,18,27,5.0,Quia dolor omnis sit amet asperiores dolore. Illo quasi voluptas saepe est est at ullam a. Repellat voluptatibus quia fugiat ipsum.,1,2024-05-30 13:39:25,2024-05-30 13:39:25
239,175,27,29,5.0,Exercitationem aut omnis quas vitae est occaecati exercitationem. Rerum tenetur qui dolorem porro. Ipsam dolore id qui rem.,1,2024-05-30 13:39:24,2024-05-30 13:39:24
240,174,14,35,3.0,Architecto similique reprehenderit cupiditate quibusdam rerum facilis et. Praesentium consequatur vel et non. Minima tenetur ratione harum veniam soluta reprehenderit ipsam. Eum quia assumenda qui qui. Culpa repellat odio deserunt at.,0,2024-05-30 13:39:23,2024-05-30 13:39:23
241,173,35,30,1.0,Repudiandae minus eos quia dolorem itaque quas. Ut minus velit neque debitis. Repudiandae doloremque et illo.,1,2024-05-30 13:39:22,2024-05-30 13:39:22
242,172,19,31,3.0,Asperiores nesciunt quo quis natus. Et eum omnis ex molestiae. Consequatur quaerat quam quaerat suscipit.,1,2024-05-30 13:39:21,2024-05-30 13:39:21
243,171,32,8,1.0,Laborum ipsa et necessitatibus ab autem consequuntur assumenda. Quos quae dolorem nam voluptatem modi a. Illo enim ipsum tempora.,0,2024-05-30 13:39:20,2024-05-30 13:39:20
244,170,30,23,1.0,Similique aspernatur sequi ducimus qui laboriosam et. Autem ipsum eos qui sequi. Et ducimus facere aliquid sapiente tempora.,1,2024-05-30 13:39:19,2024-05-30 13:39:19
245,169,21,16,5.0,Omnis sit totam esse eum commodi. Aut ut illum ab a nobis. Rerum sit molestiae sint dolores.,0,2024-05-30 13:39:18,2024-05-30 13:39:18
246,168,26,3,1.0,Aut dolor modi vitae autem sed sint est autem. Et ipsa quia sit et. Itaque in qui dolor laudantium.,1,2024-05-30 13:39:17,2024-05-30 13:39:17
247,167,4,27,1.0,Accusamus quae delectus quasi recusandae magni aliquam sunt et. Deserunt natus doloremque amet tenetur esse velit. Unde qui sunt est libero ut. Velit quo quia iure cum exercitationem et sequi.,0,2024-05-30 13:39:16,2024-05-30 13:39:16
248,166,23,28,3.0,Praesentium ipsum et nesciunt maxime ab. Voluptatem totam fugit quia sint cumque voluptas. Cumque eos repellendus suscipit nihil voluptatem ut enim omnis. Autem molestiae rem mollitia tenetur quos.,1,2024-05-30 13:39:15,2024-05-30 13:39:15
249,165,34,25,4.0,Voluptate temporibus non deserunt repellat et. Cupiditate omnis laboriosam corrupti maxime. A possimus velit molestias velit harum et repellat.,0,2024-05-30 13:39:14,2024-05-30 13:39:14
250,164,31,29,2.0,Quia rem corrupti ut commodi. Blanditiis qui et debitis tempora provident rerum ea.,0,2024-05-30 13:39:13,2024-05-30 13:39:13
251,162,28,10,5.0,At sunt consequatur est animi et fuga. Rem cum in nesciunt odit aliquid et consequatur. Dolorum delectus error voluptatem doloremque veritatis est. Tempore quis officiis officia et accusantium. Nihil qui laborum soluta necessitatibus.,1,2024-05-30 13:39:11,2024-05-30 13:39:11
252,163,17,2,3.0,Quibusdam labore voluptas quia ullam. Consequatur molestias qui maxime.,0,2024-05-30 13:39:11,2024-05-30 13:39:11
253,161,44,8,3.0,Error ex reiciendis non veritatis et. Aut id est repellat distinctio. Id sit sed possimus omnis dolor. Enim aperiam illo labore qui.,0,2024-05-30 13:39:10,2024-05-30 13:39:10
254,160,27,10,1.0,Quidem dolor voluptatum sunt necessitatibus. Eius possimus numquam perspiciatis. Id voluptatem at iure qui amet id. Sunt odit ut qui dicta.,0,2024-05-30 13:39:08,2024-05-30 13:39:08
255,159,2,19,4.0,Tempore saepe nemo voluptas sed sapiente ipsum velit. Mollitia et quae enim et nesciunt doloremque quibusdam. Et molestiae ea amet maiores magnam.,1,2024-05-30 13:39:07,2024-05-30 13:39:07
256,158,18,20,1.0,Natus molestiae cumque dolores cum magni alias eos. Culpa nulla ullam soluta ut. Voluptas iusto blanditiis itaque.,0,2024-05-30 13:39:06,2024-05-30 13:39:06
257,157,7,30,5.0,Nostrum provident nesciunt id aliquid tenetur quasi. A dolores neque veniam et tenetur molestiae. Officia at qui quis magni quam.,1,2024-05-30 13:39:05,2024-05-30 13:39:05
258,156,39,30,4.0,Numquam dolor qui autem amet qui. Minus quia optio ab assumenda ea ipsa et. Repudiandae quis dolores praesentium ea. Aliquid dolores et error ullam maiores.,1,2024-05-30 13:39:04,2024-05-30 13:39:04
259,155,8,6,5.0,Minima sed sit est. Dolor perferendis sit magnam vel amet. Dolorum veniam repudiandae magni possimus eligendi. Voluptatem ea doloremque fugit omnis.,1,2024-05-30 13:39:03,2024-05-30 13:39:03
260,153,3,6,3.0,Explicabo consequatur odit non possimus velit cumque. Hic dolore in est dolorem officiis illum eius autem. Facere nesciunt veritatis sed. Quos repellendus sint sint.,0,2024-05-30 13:39:01,2024-05-30 13:39:01
261,154,15,6,5.0,Enim modi debitis ut placeat suscipit omnis. Facilis voluptatum beatae et sit. Repellat libero quia debitis repellat.,0,2024-05-30 13:39:01,2024-05-30 13:39:01
262,152,31,11,1.0,Quia et accusamus omnis unde necessitatibus quos sunt. Sit ut voluptatem dolor ullam id sapiente omnis est. Quod eligendi consequuntur unde deserunt quia voluptatem. Voluptatem ullam est deserunt quia ullam quo. Modi debitis cum mollitia laborum dolore fugit ducimus.,0,2024-05-30 13:38:59,2024-05-30 13:38:59
263,151,39,1,4.0,Harum quibusdam quod non veniam omnis. Est eum aliquid enim veniam natus omnis et. Quidem exercitationem distinctio eligendi culpa quia. Eveniet iste non in eveniet unde dolore maiores. Ea voluptas quo voluptatibus.,1,2024-05-30 13:38:58,2024-05-30 13:38:58
264,150,4,15,2.0,Dolor beatae quod et id. Fuga est nisi expedita doloribus dignissimos sequi. Molestias et illum et est nisi sit quam.,1,2024-05-30 13:38:56,2024-05-30 13:38:56
265,149,11,15,4.0,Sed ratione illo ut id odit qui inventore. Quam et suscipit eos animi maxime est. Maxime sint minima vel et.,1,2024-05-30 13:38:55,2024-05-30 13:38:55
266,148,38,18,4.0,Placeat aut tenetur eius adipisci soluta quia molestias. Dicta aut assumenda animi deserunt ad ratione dignissimos nihil. Molestias iusto ducimus architecto nemo sint asperiores ipsum quam.,1,2024-05-30 13:38:54,2024-05-30 13:38:54
267,147,20,35,1.0,Qui aliquid corporis aliquam inventore modi adipisci autem. Asperiores unde ullam ut ut odio. Sed nobis vero iusto consequatur.,0,2024-05-30 13:38:53,2024-05-30 13:38:53
268,146,15,5,3.0,Tempora ab adipisci natus autem. Nemo alias eum sed est adipisci aliquam accusamus numquam. Dolorum nihil officia nulla incidunt.,1,2024-05-30 13:38:52,2024-05-30 13:38:52
269,145,38,20,2.0,Id sed sequi alias. Suscipit ab quasi facilis eligendi expedita.,1,2024-05-30 13:38:51,2024-05-30 13:38:51
270,144,8,12,2.0,Voluptatem libero possimus id dignissimos. Necessitatibus autem veritatis laudantium earum. Consectetur est quia aut sapiente quaerat explicabo ducimus accusantium.,1,2024-05-30 13:38:50,2024-05-30 13:38:50
271,143,20,30,5.0,Quis officiis pariatur error libero voluptas neque eum. Maxime consectetur omnis aut omnis perspiciatis. Ad eaque illum ad cumque quo corporis ut.,1,2024-05-30 13:38:49,2024-05-30 13:38:49
272,142,25,33,4.0,Est nam corrupti ut corporis asperiores commodi architecto. In aspernatur dolorum voluptas vel minus libero et.,0,2024-05-30 13:38:47,2024-05-30 13:38:47
273,141,4,19,2.0,Recusandae modi temporibus non eos odio esse dolorum minima. Quas sed et consequatur earum. Sapiente enim vero dolorum modi qui quos. Temporibus sed ullam nobis adipisci odio alias et est.,0,2024-05-30 13:38:46,2024-05-30 13:38:46
274,140,27,25,5.0,Doloribus dolores a qui facere. Autem modi totam consectetur enim perferendis enim. Labore error veritatis quaerat dolorum. Sed earum ipsa enim.,0,2024-05-30 13:38:45,2024-05-30 13:38:45
275,139,12,20,4.0,Quaerat doloremque illo consequatur. Explicabo veniam quibusdam consectetur aut molestias nobis. Doloremque consequatur iusto nostrum sit nemo est id. Quae beatae non reiciendis cupiditate laboriosam excepturi soluta.,0,2024-05-30 13:38:44,2024-05-30 13:38:44
276,138,9,9,2.0,Odit quidem vel dolores nam tempora. Impedit officia delectus blanditiis excepturi. Atque ut sed quaerat distinctio dolores sed ut.,1,2024-05-30 13:38:42,2024-05-30 13:38:42
277,137,25,10,4.0,Cupiditate rerum numquam omnis autem. At eligendi incidunt amet quia. Et odio pariatur dicta. Dolorem voluptates vel omnis totam ea praesentium occaecati commodi.,0,2024-05-30 13:38:41,2024-05-30 13:38:41
278,136,32,31,1.0,Non eos qui rerum praesentium omnis aut. Aperiam ab rem cumque quaerat. Praesentium tenetur aspernatur quam quod et consectetur aut. Ut facilis est et aut illum quibusdam quo corporis.,1,2024-05-30 13:38:39,2024-05-30 13:38:39
279,135,44,36,1.0,Expedita labore ea voluptas enim. Voluptas magnam ducimus alias reprehenderit. Placeat aut atque fuga quia dolor odio at. Ipsum qui aliquid assumenda et voluptatem aut.,0,2024-05-30 13:38:38,2024-05-30 13:38:38
280,134,33,35,2.0,Quae cumque mollitia corporis voluptatibus. Voluptates blanditiis ipsa deleniti quas dignissimos alias. Non eius voluptates ut.,1,2024-05-30 13:38:37,2024-05-30 13:38:37
281,133,43,27,2.0,Earum autem sequi harum fugiat tempore quia qui. Tenetur sit et expedita et. Voluptatibus aliquid rerum omnis consectetur molestiae non et aut. Commodi corporis dolores quia aut ipsum saepe laudantium.,1,2024-05-30 13:38:35,2024-05-30 13:38:35
282,131,9,11,3.0,Et error tenetur non eum et rerum. Totam mollitia quam aliquam ratione autem adipisci.,1,2024-05-30 13:38:34,2024-05-30 13:38:34
283,132,20,29,3.0,Cum eius dicta odio. Officia molestias facere fugiat quae voluptates quia voluptatibus itaque. Labore architecto recusandae ad sunt exercitationem aut hic. Repellat recusandae omnis est et voluptates reiciendis.,1,2024-05-30 13:38:34,2024-05-30 13:38:34
284,130,23,28,2.0,Et voluptatibus rem voluptatem nesciunt earum. Sit minima delectus facere magnam vitae dignissimos. Dicta illum et aliquid sit et. Sit non qui est dolores.,1,2024-05-30 13:38:33,2024-05-30 13:38:33
285,129,17,15,2.0,Suscipit voluptatem veritatis laborum voluptatem ipsa. Optio exercitationem alias cumque optio autem nemo ipsam. Facilis quas cumque voluptates autem modi. Qui enim ut expedita.,0,2024-05-30 13:38:31,2024-05-30 13:38:31
286,128,7,19,1.0,Et enim libero nisi voluptatem non. Omnis voluptatum exercitationem qui vitae perspiciatis eos. Impedit eum ut ut vitae voluptas.,0,2024-05-30 13:38:30,2024-05-30 13:38:30
287,127,41,2,4.0,Voluptate asperiores est inventore ad enim asperiores delectus fuga. Quaerat ipsam pariatur at iste eum et quae nobis. Qui omnis in praesentium expedita esse.,1,2024-05-30 13:38:29,2024-05-30 13:38:29
288,126,43,19,5.0,Eveniet repellendus ut nobis corrupti autem minima. Officiis corporis et consequuntur ipsum ab optio unde officiis. Non blanditiis ut saepe saepe aut dolorum aut. Fugit cumque sunt totam voluptas quibusdam quia. Autem facere quaerat eos aspernatur saepe ut.,1,2024-05-30 13:38:28,2024-05-30 13:38:28
289,125,3,32,2.0,Consequuntur est rerum laboriosam laboriosam. Ad nam ut veritatis et amet et. Vel quis dolorum occaecati excepturi enim aut aut. Dolorum minima neque exercitationem pariatur illum magnam ad. Quo rem unde dolor quos error enim.,0,2024-05-30 13:38:27,2024-05-30 13:38:27
290,124,38,30,1.0,Voluptates earum dolorum et dolor voluptatem libero ut ipsum. Earum qui illo est non distinctio dolores. Sit mollitia aliquam voluptatem explicabo quasi sapiente et. Rerum perspiciatis neque ex recusandae.,1,2024-05-30 13:38:25,2024-05-30 13:38:25
291,123,6,6,3.0,Veniam nihil consequatur in hic. Repudiandae saepe tempore aperiam voluptates similique. Dolor molestiae mollitia impedit eaque at ea.,0,2024-05-30 13:38:23,2024-05-30 13:38:23
292,122,7,32,1.0,Adipisci est quia natus dolores deleniti accusamus. Ea similique qui animi voluptas aut omnis asperiores sint. Qui a in eum iusto animi quia est. Velit rerum deserunt non architecto et optio.,1,2024-05-30 13:38:22,2024-05-30 13:38:22
293,121,23,25,4.0,Cum rem dolores rerum consectetur. Repudiandae cupiditate et id rerum temporibus debitis aut. Consectetur voluptatibus quia iusto nihil autem nihil quidem. Consequatur ex rem ex excepturi nisi. Magni dignissimos ut et voluptatem nemo saepe.,0,2024-05-30 13:38:21,2024-05-30 13:38:21
294,120,12,36,1.0,Voluptate nulla et accusamus. Blanditiis soluta voluptatem dolor eius aut libero sed est. Qui quaerat iusto voluptates saepe.,0,2024-05-30 13:38:20,2024-05-30 13:38:20
295,119,22,21,4.0,Non quia labore repellat quas nesciunt. In voluptatum pariatur excepturi tempora sequi rerum. Autem commodi sit ducimus perferendis minima et. Est sed occaecati voluptate et tempora velit.,1,2024-05-30 13:38:18,2024-05-30 13:38:18
296,118,4,31,4.0,Necessitatibus dolores rem nulla ipsa. Veniam veritatis praesentium deserunt et et amet. Quod architecto ut doloremque sint. Aut molestiae id soluta voluptatum delectus est sint.,0,2024-05-30 13:38:17,2024-05-30 13:38:17
297,117,31,23,5.0,Quia quae qui pariatur hic mollitia est itaque. Reiciendis ea dicta amet et nihil ipsa ipsa. Dolores consequatur aut facere omnis quia sapiente atque nostrum. Molestias itaque modi ut facilis doloribus.,1,2024-05-30 13:38:15,2024-05-30 13:38:15
298,116,32,5,3.0,Repudiandae quo recusandae ex quia. Quos perspiciatis corrupti harum voluptatum magni sint accusamus. Voluptatem nulla et ut molestiae voluptas reiciendis molestiae. Accusamus eius ipsum cum est minima iste.,0,2024-05-30 13:38:12,2024-05-30 13:38:12
299,115,1,8,5.0,Et error natus distinctio alias soluta necessitatibus nesciunt. Aut dolores animi aliquid accusantium pariatur saepe alias iste. Eum enim vel dolorem placeat incidunt autem voluptates impedit. Cupiditate qui sit labore voluptas possimus sed eos aut.,0,2024-05-30 13:38:11,2024-05-30 13:38:11
300,114,2,32,4.0,Est porro et qui sint. Adipisci eos sit voluptatibus. Laborum magnam quod sit quaerat. Sit nulla modi facere illo.,0,2024-05-30 13:38:09,2024-05-30 13:38:09
301,113,1,19,1.0,Hic vel necessitatibus sit quam. Rem omnis voluptas et voluptate.,0,2024-05-30 13:38:07,2024-05-30 13:38:07
302,112,4,19,4.0,Inventore sit error vero impedit perspiciatis officiis error. Eos molestias et dignissimos fugit voluptatem impedit eos. Rerum veniam quidem mollitia nisi sapiente delectus. Praesentium fuga maiores voluptatem.,1,2024-05-30 13:38:05,2024-05-30 13:38:05
303,111,28,33,4.0,Et doloribus ad deserunt eos rerum natus. Aut dolores nulla ex qui autem distinctio vel. Atque accusantium autem sit molestias fuga tempora dolorum. Ipsam ratione officia distinctio.,1,2024-05-30 13:38:03,2024-05-30 13:38:03
304,110,33,16,5.0,Laborum et quibusdam non aperiam et numquam voluptatem. Dignissimos rerum vel voluptatem adipisci suscipit quis occaecati. Velit consequatur omnis dolor. Nam sit laborum libero totam sint.,1,2024-05-30 13:38:01,2024-05-30 13:38:01
305,109,21,27,5.0,Id quam aut et ut aliquam provident et. Deserunt et quis eum maxime. Officiis facere esse praesentium recusandae consequatur facere aut. Velit distinctio possimus necessitatibus numquam.,1,2024-05-30 13:38:00,2024-05-30 13:38:00
306,108,17,14,1.0,Reiciendis sint dolor modi quae sed in. Enim adipisci rem deserunt recusandae accusantium quia et. Fuga temporibus excepturi sint aliquam ut libero. Similique officiis voluptatem sed voluptates et aspernatur nihil nihil.,1,2024-05-30 13:37:59,2024-05-30 13:37:59
307,107,1,34,5.0,Exercitationem molestias possimus architecto eaque. Aperiam consequatur magni voluptates nostrum et occaecati. Quidem cum sed iusto nesciunt provident. Laboriosam similique magnam animi non rerum tempora.,1,2024-05-30 13:37:57,2024-05-30 13:37:57
308,106,38,2,1.0,Doloremque qui velit eveniet qui animi consectetur esse. Voluptatibus enim aut quo voluptas architecto dignissimos. Porro vero praesentium saepe ut sunt laborum eos. Itaque illum et commodi ipsa repudiandae.,0,2024-05-30 13:37:56,2024-05-30 13:37:56
309,105,35,25,5.0,Molestiae deserunt atque perspiciatis aut ut aut. Alias et occaecati sit laborum quo. Ea architecto deleniti in recusandae. Quo illum rerum non.,0,2024-05-30 13:37:54,2024-05-30 13:37:54
310,104,26,9,2.0,Eum voluptatibus tenetur autem odio. Commodi illum ducimus dolores nihil. Quo quos iste voluptate et sapiente eveniet enim. Iusto delectus repellendus assumenda consequuntur consequatur commodi.,1,2024-05-30 13:37:53,2024-05-30 13:37:53
311,103,10,2,2.0,Labore quos tenetur sit sint sequi. Et ea nisi alias temporibus ex. Tempore omnis voluptatem qui quia dolorem similique consequatur.,0,2024-05-30 13:37:52,2024-05-30 13:37:52
312,102,38,14,1.0,Aut nam autem et qui suscipit ex voluptatem fugiat. Praesentium adipisci provident optio aut consequatur. Ab odio vitae quia dignissimos id.,1,2024-05-30 13:37:51,2024-05-30 13:37:51
313,101,22,20,5.0,Consequatur eum aut nobis nostrum et. Qui consequatur sed minus totam debitis libero non nemo. Illo et nisi exercitationem ut delectus repudiandae quia.,0,2024-05-30 13:37:48,2024-05-30 13:37:48
314,100,7,27,1.0,Unde sunt nihil corporis neque soluta ullam officia. Doloremque eligendi harum sed ut voluptatibus. Iure quod dolores quidem accusamus aut blanditiis. Aliquam sunt alias deleniti nam.,1,2024-05-30 13:37:47,2024-05-30 13:37:47
315,99,27,24,4.0,Quae quibusdam modi earum magni ut et perspiciatis. Similique cupiditate quas dolorem.,1,2024-05-30 13:37:46,2024-05-30 13:37:46
316,98,2,19,2.0,Rerum ab repellat cum nihil vel ut. Fugit voluptates magnam nihil eos quisquam quibusdam voluptatem. Vel aspernatur quasi molestias omnis dolores inventore praesentium.,0,2024-05-30 13:37:45,2024-05-30 13:37:45
317,97,32,30,3.0,Doloribus ut ea accusamus. Ut accusantium expedita quisquam quibusdam. Eum sunt eos aut minima nesciunt necessitatibus sint.,0,2024-05-30 13:37:43,2024-05-30 13:37:43
318,96,8,7,2.0,Porro est minima cum voluptatum vero odio omnis. Neque ullam velit rerum autem autem culpa sequi. Ut deserunt deserunt velit et ea. Provident fuga placeat eveniet ea repudiandae consequatur.,0,2024-05-30 13:37:41,2024-05-30 13:37:41
319,95,40,23,1.0,Quis at voluptas omnis quis voluptatem quisquam pariatur. Inventore rem eligendi sapiente autem. Id rerum quasi est dignissimos. Et alias quasi quasi.,1,2024-05-30 13:37:40,2024-05-30 13:37:40
320,94,31,5,1.0,Illum sed suscipit ratione quia. Tenetur nobis quia consequatur harum voluptatem iure suscipit. Eaque necessitatibus qui assumenda aut ipsum.,1,2024-05-30 13:37:38,2024-05-30 13:37:38
321,93,31,16,1.0,Quis voluptatem necessitatibus illum sequi eveniet repellat esse. Et quia neque facere ut tenetur cumque. Eum tempore magnam aut vel blanditiis reiciendis harum. Ad voluptatum necessitatibus necessitatibus beatae.,1,2024-05-30 13:37:37,2024-05-30 13:37:37
322,92,38,4,5.0,Et qui qui officiis blanditiis architecto quod eligendi. Praesentium officiis aut eaque maiores nemo molestiae cum. Quae ipsum ea et nihil quia. Et illum vel et soluta sint assumenda ut maiores. Maxime excepturi dolor a sit quo commodi omnis.,0,2024-05-30 13:37:36,2024-05-30 13:37:36
323,91,3,21,5.0,Blanditiis explicabo fuga quia numquam repudiandae aut. Laborum illum est voluptatem dicta. Cum enim delectus consectetur velit.,1,2024-05-30 13:37:34,2024-05-30 13:37:34
324,88,6,13,1.0,Excepturi vitae eos quia ex. Quo qui qui et et culpa. Deleniti rerum vel aspernatur maiores. Voluptatem ab eos quod quia eos dolore vero.,0,2024-05-30 13:37:32,2024-05-30 13:37:32
325,89,2,9,3.0,Dolore magni et sapiente rerum quam. Est laudantium consequuntur praesentium nihil minima est. Nihil voluptas vel alias maiores distinctio ea. Esse expedita officia et non consequuntur ipsa.,0,2024-05-30 13:37:32,2024-05-30 13:37:32
326,87,9,28,4.0,Quos ut dignissimos voluptatem exercitationem. Qui dolor ut voluptas voluptas temporibus. Facilis voluptas sunt itaque et sunt eius perspiciatis iste. Libero quis quos ut deserunt.,0,2024-05-30 13:37:31,2024-05-30 13:37:31
327,86,28,17,5.0,Maxime aut suscipit quas cumque unde illum error voluptates. Quibusdam ipsam est assumenda dolor sed quod sed. Ut error officia veniam ut incidunt repellendus.,0,2024-05-30 13:37:30,2024-05-30 13:37:30
328,85,6,34,5.0,Id quidem nemo quis quos est odit et. Eos qui nemo qui doloremque consequuntur neque.,0,2024-05-30 13:37:29,2024-05-30 13:37:29
329,84,20,10,4.0,Aliquid iste in cum laboriosam itaque iure nisi. Recusandae aut iusto sed omnis occaecati. Qui cupiditate voluptatem similique culpa ea.,0,2024-05-30 13:37:28,2024-05-30 13:37:28
330,83,24,36,3.0,Sit dignissimos tempore nam placeat unde velit. Voluptatibus minus possimus tenetur maiores. Quis qui quo excepturi minus minus incidunt. Iste est autem veritatis libero impedit culpa.,0,2024-05-30 13:37:27,2024-05-30 13:37:27
331,82,8,7,2.0,Corporis voluptas perferendis est cum nulla sit sint qui. Rerum quia quos quidem nobis. Accusamus repellendus amet et alias et omnis. Rerum nesciunt ex rerum vel ut quo. Et praesentium omnis perspiciatis et explicabo.,0,2024-05-30 13:37:26,2024-05-30 13:37:26
332,80,8,28,2.0,Ullam praesentium et aperiam voluptas excepturi. Placeat totam consequatur ut in iure. Perferendis neque error fuga animi omnis magnam reprehenderit incidunt. Et nam aliquid voluptate rerum.,0,2024-05-30 13:37:25,2024-05-30 13:37:25
333,81,26,9,4.0,Ipsa iusto qui quos cum explicabo. Esse tempore non fugit assumenda. Doloremque voluptatem voluptatum distinctio.,1,2024-05-30 13:37:25,2024-05-30 13:37:25
334,79,7,16,1.0,Rem et libero magnam odit eos quos occaecati. Recusandae cupiditate tempora est qui atque asperiores animi. Unde quaerat et ut. Ad voluptatum quibusdam beatae veritatis deleniti vitae blanditiis.,0,2024-05-30 13:37:23,2024-05-30 13:37:23
335,77,44,15,5.0,Eum pariatur enim laboriosam fuga inventore esse. Sit odio aliquid voluptatem ut officiis at laboriosam. Sint quod ex a libero ad deleniti omnis. Aliquam rerum debitis voluptatem laborum voluptatem soluta.,0,2024-05-30 13:37:21,2024-05-30 13:37:21
336,78,26,34,2.0,Recusandae incidunt laborum enim quod et quaerat ea. Et vel molestias laudantium doloremque. Porro et qui qui dolore rerum quam. Totam odit quis id explicabo.,0,2024-05-30 13:37:21,2024-05-30 13:37:21
337,76,24,11,5.0,Ex est velit quo qui incidunt. Eligendi numquam quae officiis sit quaerat aut sapiente soluta. Qui soluta repudiandae dolorem enim.,0,2024-05-30 13:37:20,2024-05-30 13:37:20
338,75,32,22,3.0,Recusandae quos placeat qui laborum provident est. Omnis earum est omnis sint sit error. Sint odio vel itaque delectus voluptatibus pariatur.,0,2024-05-30 13:37:19,2024-05-30 13:37:19
339,73,7,15,5.0,Est ducimus nihil dolores sapiente. Aliquid aut enim aut. Numquam quam rerum aperiam harum itaque tempora ea. Esse amet et sit. Sit quae eum nostrum ipsum suscipit ducimus.,1,2024-05-30 13:37:18,2024-05-30 13:37:18
340,74,30,29,4.0,At provident accusamus ex. Rerum quis nam aliquid nihil. Sit optio vel aspernatur consequatur a quia. Ullam rerum commodi dolorem ut.,0,2024-05-30 13:37:18,2024-05-30 13:37:18
341,72,28,9,3.0,Dolorem asperiores mollitia in doloribus vero consequatur. Asperiores id perferendis facilis sed odio minima et.,1,2024-05-30 13:37:17,2024-05-30 13:37:17
342,71,29,28,4.0,Eum fugiat culpa amet facere sit dolores molestiae est. Omnis accusantium qui voluptatem voluptatibus delectus voluptas autem. Quam dolorum ipsum quia consequatur inventore perferendis. Ut sed accusamus repudiandae mollitia sed neque non.,1,2024-05-30 13:37:16,2024-05-30 13:37:16
343,70,22,29,1.0,Ducimus veniam ut cumque veritatis. Et rem molestiae quas quidem blanditiis voluptate est. Consequatur mollitia velit magnam et est dicta.,1,2024-05-30 13:37:15,2024-05-30 13:37:15
344,69,9,29,3.0,Culpa officia et ea repellendus quia. Distinctio accusantium ex cum voluptates sint autem. At laudantium corporis perspiciatis est nemo.,1,2024-05-30 13:37:14,2024-05-30 13:37:14
345,68,16,36,4.0,At consequatur in quia a ex debitis ab. Recusandae cupiditate enim maxime quisquam. Nemo enim eligendi non iste voluptas.,1,2024-05-30 13:37:13,2024-05-30 13:37:13
346,67,12,27,3.0,Qui animi inventore architecto excepturi. Ut labore dolor dolorem rerum neque explicabo rerum. Nobis tempora doloribus itaque nesciunt ipsa.,0,2024-05-30 13:37:12,2024-05-30 13:37:12
347,66,8,29,4.0,Occaecati qui et dolor amet. Est alias et cumque dolorem deleniti doloremque odit voluptatum. Porro quia accusamus voluptas eaque labore.,1,2024-05-30 13:37:11,2024-05-30 13:37:11
348,65,25,21,3.0,Cumque et et et natus. Aperiam ea tempora dicta velit deleniti mollitia assumenda. Eius doloribus inventore quo et alias perferendis qui. Aut dolor nesciunt sint repellendus aut ipsam. Officiis praesentium ut veniam vel voluptates.,1,2024-05-30 13:37:10,2024-05-30 13:37:10
349,64,11,25,5.0,Aut tempora explicabo delectus non voluptatum et. Voluptatem quia molestias omnis quibusdam praesentium illum. Dicta perspiciatis mollitia quo ea qui pariatur. Eius nobis corporis ullam nihil expedita illum. Molestiae occaecati sunt omnis nostrum recusandae.,0,2024-05-30 13:37:09,2024-05-30 13:37:09
350,63,12,23,2.0,Odio ratione laborum quia quibusdam. Sed error possimus nostrum quis voluptatem eum facere. Expedita dolores placeat inventore et rem. Iste quibusdam consectetur aut ut saepe amet.,1,2024-05-30 13:37:08,2024-05-30 13:37:08
351,61,3,5,3.0,Aspernatur necessitatibus facere minima magnam et. Nostrum sapiente nesciunt rerum modi ut temporibus odit velit. Ut quae quia alias.,0,2024-05-30 13:37:07,2024-05-30 13:37:07
352,62,24,17,4.0,Consequuntur totam at voluptas consequatur. Et assumenda sed vero et tempore et. Dolorem quam est sint quam temporibus molestiae. Dolor ullam error eius et qui.,1,2024-05-30 13:37:07,2024-05-30 13:37:07
353,60,23,24,5.0,Esse sint reiciendis delectus ullam excepturi. At nisi vero laborum. Vel corrupti at blanditiis qui earum esse ut. Incidunt omnis eum sapiente qui.,1,2024-05-30 13:37:06,2024-05-30 13:37:06
354,59,11,7,1.0,Suscipit eos architecto culpa tempora non exercitationem. Ab veniam a vitae magnam ut vel quibusdam minus. Deserunt totam animi illo commodi sed.,1,2024-05-30 13:37:05,2024-05-30 13:37:05
355,58,37,23,4.0,Et sed repellat sint et aut. Tempore perferendis eveniet deserunt repellendus quos sint praesentium. Sed voluptatem quod dolorem voluptates aliquam maxime voluptas. Consectetur laudantium similique minus et eos hic qui.,1,2024-05-30 13:37:04,2024-05-30 13:37:04
356,57,12,17,4.0,Qui et ad dolorem ut. Non eos inventore voluptatem dolorem excepturi voluptas consectetur. Voluptatum dolorem qui non perferendis.,1,2024-05-30 13:37:03,2024-05-30 13:37:03
357,56,32,19,2.0,Possimus est voluptatum quasi consectetur et quod. Ipsa quod in ea molestias fugiat qui reprehenderit suscipit. Eos aspernatur animi sit iure et dolores. Sed tenetur minus alias laborum ipsam.,0,2024-05-30 13:37:02,2024-05-30 13:37:02
358,55,3,2,1.0,Aliquam nisi omnis consectetur itaque sit ullam. In iure quasi eligendi. Vitae et facilis sunt enim quas fuga porro. Qui vel odit delectus sint tempora quisquam itaque expedita.,1,2024-05-30 13:37:01,2024-05-30 13:37:01
359,54,15,22,1.0,Temporibus suscipit blanditiis voluptatum. Similique velit eveniet nihil eos.,1,2024-05-30 13:37:00,2024-05-30 13:37:00
360,53,12,14,2.0,Qui aut velit dolores adipisci iusto. Est et in consequatur sit repellendus sunt dolor. Voluptas ut est aut veritatis veniam.,0,2024-05-30 13:36:59,2024-05-30 13:36:59
361,52,3,10,1.0,Asperiores magni at aut nobis. Vel repudiandae est vitae ut.,0,2024-05-30 13:36:58,2024-05-30 13:36:58
362,51,21,14,2.0,Consectetur sit eum tenetur sunt. Perferendis odit ipsa consequatur quam repellat maiores. Nobis sint possimus et corporis.,0,2024-05-30 13:36:56,2024-05-30 13:36:56
363,50,3,32,4.0,Repellendus occaecati eum atque. Recusandae id aut minima est. Ut ut libero ullam porro aut. Et reiciendis molestias sit quis.,1,2024-05-30 13:36:55,2024-05-30 13:36:55
364,49,14,10,4.0,Ut fugiat enim nesciunt aliquid recusandae nisi exercitationem. Quia a ut recusandae ea dolorem hic vitae. Quia modi voluptatem qui hic.,1,2024-05-30 13:36:54,2024-05-30 13:36:54
365,48,22,33,1.0,Officiis sunt quia optio provident et. Qui harum quod atque saepe. Sit nobis ut maiores doloribus necessitatibus enim.,1,2024-05-30 13:36:53,2024-05-30 13:36:53
366,47,42,5,5.0,Quia ut ut cupiditate voluptate. Accusamus blanditiis voluptatem a quis. Aperiam eum aut deleniti quis.,0,2024-05-30 13:36:51,2024-05-30 13:36:51
367,46,34,15,1.0,Reprehenderit blanditiis iusto quae ut suscipit sit. Quae et et molestias qui. Doloremque minus quos pariatur dicta explicabo similique delectus repellendus.,1,2024-05-30 13:36:50,2024-05-30 13:36:50
368,45,11,3,4.0,Vel iste laboriosam magni voluptatem architecto itaque nostrum. Quis non quo fuga.,0,2024-05-30 13:36:49,2024-05-30 13:36:49
369,44,17,16,4.0,Ea iste voluptatem est. Cum aut maxime in quibusdam. Tenetur consequuntur quod inventore est consequatur.,0,2024-05-30 13:36:48,2024-05-30 13:36:48
370,43,29,19,4.0,Eum perspiciatis tempora pariatur nihil. Ea ipsum eveniet distinctio recusandae. Voluptates itaque dignissimos omnis maxime. Quidem est molestias voluptatem voluptates dolore.,1,2024-05-30 13:36:47,2024-05-30 13:36:47
371,42,30,14,4.0,Voluptatem accusantium est voluptatem ullam maxime totam perspiciatis. Sed ut est praesentium dignissimos consectetur cum eum illum.,0,2024-05-30 13:36:45,2024-05-30 13:36:45
372,41,33,9,5.0,Sint consectetur ipsam velit et explicabo. Et ut minima enim. Sunt totam cum corporis atque fugit.,1,2024-05-30 13:36:44,2024-05-30 13:36:44
373,40,22,30,4.0,Et eos voluptatem dicta et iure vero. Repellat temporibus delectus inventore. Dicta aperiam temporibus ut nihil. Debitis eligendi vero ut excepturi dolores perferendis et tempore.,1,2024-05-30 13:36:42,2024-05-30 13:36:42
374,39,2,17,1.0,Quisquam non doloremque debitis enim veritatis impedit delectus. Ratione ex sed cupiditate commodi distinctio culpa. Nesciunt laborum est nihil dolore quis vero alias voluptatibus. Possimus maiores magni non occaecati consequatur.,1,2024-05-30 13:36:41,2024-05-30 13:36:41
375,38,11,10,4.0,Id dolorem veritatis facere. Facilis adipisci modi porro. Dolores blanditiis voluptate culpa iste magnam eligendi. Sint tempore explicabo quisquam eius necessitatibus repudiandae culpa.,0,2024-05-30 13:36:40,2024-05-30 13:36:40
376,37,27,15,2.0,Voluptatem esse corporis molestiae et fuga neque. Optio totam id molestiae voluptas dolorem. Facere voluptatem corrupti omnis impedit eum vitae repellat.,0,2024-05-30 13:36:39,2024-05-30 13:36:39
377,36,20,32,2.0,Fugit et error accusantium incidunt cupiditate. Deleniti ut ut architecto delectus animi ex omnis quia. Voluptatem fuga architecto vitae consequuntur hic magnam eius. Molestiae voluptatem dolores nam molestias sed eum repellat.,0,2024-05-30 13:36:37,2024-05-30 13:36:37
378,35,23,9,3.0,Beatae dolore ut fuga architecto consequatur. Ut et enim natus officia eaque id et. Modi quae et dolore esse.,1,2024-05-30 13:36:35,2024-05-30 13:36:35
379,34,23,25,4.0,Impedit dignissimos et qui qui qui amet ipsam voluptate. Omnis explicabo ipsum cumque vero repudiandae iure illo. Aut et culpa ut corrupti nemo deleniti.,1,2024-05-30 13:36:34,2024-05-30 13:36:34
380,33,19,7,5.0,Autem ad consectetur minus quae corrupti. Eos ea in enim dignissimos. Voluptatem nesciunt minima saepe ea sed eaque recusandae quasi.,1,2024-05-30 13:36:33,2024-05-30 13:36:33
381,32,34,13,1.0,Laborum voluptas libero laborum officia. Repudiandae nemo eum consequatur totam sed totam fugit nisi. Maxime modi vitae sit est similique expedita. Dicta atque aspernatur in qui suscipit.,0,2024-05-30 13:36:32,2024-05-30 13:36:32
382,31,37,33,3.0,Sunt veniam repudiandae quia voluptatem ducimus ducimus consequatur. Inventore officia aperiam adipisci labore blanditiis nobis dolores. Dolores magnam similique similique blanditiis rerum at. Veniam commodi voluptatum nemo sed.,1,2024-05-30 13:36:31,2024-05-30 13:36:31
383,30,43,35,4.0,Error aliquid cum ut reprehenderit et voluptatibus ipsam. Eum nihil voluptas officiis fuga. Est iste ratione eveniet non debitis aut qui.,1,2024-05-30 13:36:29,2024-05-30 13:36:29
384,29,27,9,1.0,Dignissimos dolore quis consequatur aliquid qui. Voluptate a est repudiandae aut. Assumenda labore dolores reiciendis. Accusamus alias ipsam dignissimos assumenda est.,1,2024-05-30 13:36:27,2024-05-30 13:36:27
385,28,29,25,5.0,Eligendi ullam qui modi ab. Voluptatem placeat eaque earum et libero. Tempora modi error tenetur dolores laboriosam dolorem consequatur. Fugiat neque dignissimos sapiente debitis sunt repudiandae.,1,2024-05-30 13:36:26,2024-05-30 13:36:26
386,27,28,2,5.0,Aut et ipsam deserunt accusamus velit assumenda. Est corrupti repudiandae molestiae ducimus cum qui.,0,2024-05-30 13:36:25,2024-05-30 13:36:25
387,26,22,34,4.0,Sit labore et aut unde atque. Et natus in eum inventore ratione error. Consequatur et sit perspiciatis rerum eum illum exercitationem.,0,2024-05-30 13:36:20,2024-05-30 13:36:20
388,25,24,31,2.0,Rerum qui omnis deleniti sunt et. Voluptas facilis et natus neque. Commodi accusamus quibusdam sint odio. Vero enim tempore vero molestiae vel.,0,2024-05-30 13:36:18,2024-05-30 13:36:18
389,24,28,18,3.0,Repudiandae quia dolores minima eum modi quos molestiae. Natus quibusdam impedit vitae error eos optio. Voluptatem at laborum magni blanditiis ipsam id.,0,2024-05-30 13:36:17,2024-05-30 13:36:17
390,23,39,1,5.0,Ea voluptatibus facere impedit quas. Expedita sit aut ducimus voluptatem similique. Consectetur sequi aut ratione quo nihil.,0,2024-05-30 13:36:15,2024-05-30 13:36:15
391,22,13,2,3.0,Illum ut ipsum deleniti numquam. Rem recusandae aut asperiores earum. Dolores vitae sed ut eaque autem.,0,2024-05-30 13:36:13,2024-05-30 13:36:13
392,21,24,26,1.0,Velit et et fuga. Pariatur voluptas et eaque dolore vero autem. Quisquam cumque accusantium velit quia modi. Natus consectetur porro laboriosam explicabo autem repellendus.,1,2024-05-30 13:36:11,2024-05-30 13:36:11
393,20,29,31,4.0,Perferendis qui et quae facere saepe architecto soluta. Laboriosam dolorem culpa natus recusandae molestiae. Sed omnis aut et et. Recusandae molestiae dolor beatae accusamus et aut.,0,2024-05-30 13:36:10,2024-05-30 13:36:10
394,19,33,30,2.0,Omnis rerum non rerum ea quasi voluptas enim. Quisquam doloribus exercitationem nulla dolores quae aspernatur nisi. Voluptatem explicabo aut corrupti eveniet rem sunt.,0,2024-05-30 13:36:08,2024-05-30 13:36:08
395,18,32,30,2.0,Rerum commodi quo eveniet inventore perferendis. Veritatis omnis eos et commodi a doloribus. Impedit repellat minus nulla cum. Voluptas et quod animi inventore qui.,1,2024-05-30 13:36:07,2024-05-30 13:36:07
396,17,25,25,4.0,In iste hic error eos nobis consequuntur. Mollitia rerum optio beatae eveniet fugiat nam quo. Minus veritatis earum cumque iusto. Placeat vitae labore reiciendis quod sit enim magnam.,1,2024-05-30 13:36:05,2024-05-30 13:36:05
397,16,9,3,4.0,Impedit qui qui sit doloribus et voluptas amet. Maxime voluptates quis maiores aut.,1,2024-05-30 13:36:03,2024-05-30 13:36:03
398,15,42,17,3.0,Quibusdam pariatur sint sit ea eligendi. Molestias ex laborum fuga. Nesciunt facilis qui alias nam. Cum architecto ad qui ex nesciunt aut. Beatae rerum iure voluptatum sequi voluptas sunt accusamus.,1,2024-05-30 13:36:02,2024-05-30 13:36:02
399,14,2,30,2.0,Aliquid aperiam repellendus neque quis ullam vel qui. Rem minus quo et facere sed ad sint. Voluptatem voluptatem nam architecto molestias. Sint magni culpa perspiciatis quas.,1,2024-05-30 13:36:00,2024-05-30 13:36:00
400,13,2,15,4.0,Doloremque nobis commodi omnis sed iusto beatae quos. Sapiente et qui qui cumque quia. Quod voluptas ipsum amet quasi error. Quia aperiam minima debitis harum in exercitationem quia.,0,2024-05-30 13:35:58,2024-05-30 13:35:58
401,12,7,26,1.0,Non a ex in delectus delectus officiis similique. Numquam et adipisci quis veritatis nesciunt aut non. Voluptatem voluptatem sunt harum. Aspernatur nihil eveniet et ad et. Cum fuga delectus aut voluptatem sint hic dicta sed.,1,2024-05-30 13:35:56,2024-05-30 13:35:56
402,11,29,13,5.0,Qui ut accusamus est nihil. Maiores quia quam itaque laborum et.,0,2024-05-30 13:35:55,2024-05-30 13:35:55
403,10,15,20,1.0,Inventore aut reprehenderit rerum. Minima cum sed id earum. Autem voluptatem quaerat nesciunt non aut ad. Cum quia beatae perspiciatis molestiae sed voluptas quia quis.,0,2024-05-30 13:35:54,2024-05-30 13:35:54
404,9,16,17,1.0,Adipisci modi labore qui esse reprehenderit sed. Consectetur qui maxime et at.,0,2024-05-30 13:35:52,2024-05-30 13:35:52
405,8,37,34,3.0,Facere recusandae commodi minima sed. Alias aut natus ratione iusto. Dicta accusamus harum eum numquam ut velit. Ipsum quia id ea est illum est.,0,2024-05-30 13:35:51,2024-05-30 13:35:51
406,7,7,7,1.0,Et magni rerum sapiente. Voluptatibus exercitationem quas alias officia quos qui. Porro a rerum harum repellat possimus porro amet. Rerum autem quae soluta.,0,2024-05-30 13:35:50,2024-05-30 13:35:50
407,6,31,4,3.0,Eos voluptatem accusamus ad consectetur rerum omnis sed amet. Et voluptas voluptatem rem voluptas animi magnam. Fugiat qui quo necessitatibus ab odio ea.,0,2024-05-30 13:35:48,2024-05-30 13:35:48
408,4,21,26,3.0,Quae ut assumenda ut in. Doloribus quia labore officia voluptatem sunt ut id. Qui dolores fugit qui enim ut dolore voluptate.,1,2024-05-30 13:35:46,2024-05-30 13:35:46
409,5,43,12,4.0,Maxime ipsam velit fuga minus. Amet odio illo aliquid veritatis non ut. Consequatur animi ea quia ea est.,1,2024-05-30 13:35:46,2024-05-30 13:35:46
410,3,35,2,2.0,Ea et ut ut cum quaerat. Iste magni voluptatibus nisi est. Praesentium ut sapiente a et esse nam.,0,2024-05-30 13:35:45,2024-05-30 13:35:45
411,2,21,5,1.0,Similique itaque suscipit quasi nam consectetur. Voluptatem nam ducimus praesentium. Qui qui nihil praesentium voluptas molestiae amet et.,0,2024-05-30 13:35:44,2024-05-30 13:35:44
412,1,6,31,1.0,Itaque et iure molestiae ut dolores aliquam numquam. Voluptates expedita maxime amet aut magni aperiam accusantium. Esse quaerat illo exercitationem sit temporibus vel ipsum. Aliquid et culpa voluptatem illo qui at.,0,2024-05-30 13:35:43,2024-05-30 13:35:43
